card_id,account_id,customer_id,card_network,masked_pan,card_status,billing_currency,issued_at
CARD000018,ACC000018,C000015,VISA,**** **** **** 0018,Active,USD,2026-04-05
CARD000021,ACC000021,C000018,MASTERCARD,**** **** **** 0021,Active,JOD,2026-01-15
CARD000042,ACC000042,C000033,VISA,**** **** **** 0042,Active,JOD,2026-03-25
CARD000072,ACC000072,C000055,VISA,**** **** **** 0072,Active,USD,2026-05-19
CARD000084,ACC000084,C000062,VISA,**** **** **** 0084,Active,EUR,2025-06-15
CARD000087,ACC000087,C000064,MASTERCARD,**** **** **** 0087,Active,USD,2024-10-27
CARD000106,ACC000106,C000078,VISA,**** **** **** 0106,Active,JOD,2026-06-24
CARD000119,ACC000119,C000087,MASTERCARD,**** **** **** 0119,Active,JOD,2025-11-25
CARD000126,ACC000126,C000092,VISA,**** **** **** 0126,Active,JOD,2024-12-16
CARD000127,ACC000127,C000093,MASTERCARD,**** **** **** 0127,Active,USD,2026-05-21
CARD000136,ACC000136,C000100,VISA,**** **** **** 0136,Active,JOD,2025-10-13
CARD000160,ACC000160,C000114,VISA,**** **** **** 0160,Dormant,EUR,2026-04-01
CARD000161,ACC000161,C000115,MASTERCARD,**** **** **** 0161,Dormant,JOD,2025-08-31
CARD000168,ACC000168,C000121,VISA,**** **** **** 0168,Active,JOD,2024-06-04
CARD000172,ACC000172,C000124,VISA,**** **** **** 0172,Closed,JOD,2026-06-21
CARD000184,ACC000184,C000130,VISA,**** **** **** 0184,Active,JOD,2024-08-07
CARD000206,ACC000206,C000145,VISA,**** **** **** 0206,Active,JOD,2026-03-15
CARD000217,ACC000217,C000151,MASTERCARD,**** **** **** 0217,Active,EUR,2025-11-13
CARD000228,ACC000228,C000158,VISA,**** **** **** 0228,Active,JOD,2024-02-08
CARD000241,ACC000241,C000168,MASTERCARD,**** **** **** 0241,Active,JOD,2026-03-22
CARD000249,ACC000249,C000172,MASTERCARD,**** **** **** 0249,Active,USD,2025-12-07
CARD000252,ACC000252,C000173,VISA,**** **** **** 0252,Active,JOD,2026-05-06
CARD000267,ACC000267,C000185,MASTERCARD,**** **** **** 0267,Active,JOD,2026-02-19
CARD000271,ACC000271,C000187,MASTERCARD,**** **** **** 0271,Active,JOD,2025-06-03
CARD000281,ACC000281,C000195,MASTERCARD,**** **** **** 0281,Active,JOD,2025-02-02
CARD000307,ACC000307,C000214,MASTERCARD,**** **** **** 0307,Active,USD,2026-06-07
CARD000309,ACC000309,C000216,MASTERCARD,**** **** **** 0309,Active,JOD,2026-04-19
CARD000318,ACC000318,C000222,VISA,**** **** **** 0318,Active,USD,2025-09-08
CARD000325,ACC000325,C000226,MASTERCARD,**** **** **** 0325,Closed,JOD,2026-04-06
CARD000359,ACC000359,C000250,MASTERCARD,**** **** **** 0359,Active,JOD,2025-04-17
CARD000376,ACC000376,C000263,VISA,**** **** **** 0376,Active,USD,2025-10-06
CARD000396,ACC000396,C000276,VISA,**** **** **** 0396,Active,JOD,2026-02-10
CARD000418,ACC000418,C000294,VISA,**** **** **** 0418,Active,JOD,2025-08-17
CARD000436,ACC000436,C000305,VISA,**** **** **** 0436,Dormant,JOD,2026-05-31
CARD000438,ACC000438,C000307,VISA,**** **** **** 0438,Dormant,JOD,2025-10-27
CARD000446,ACC000446,C000311,VISA,**** **** **** 0446,Active,USD,2024-11-10
CARD000454,ACC000454,C000316,VISA,**** **** **** 0454,Active,JOD,2024-07-28
CARD000459,ACC000459,C000318,MASTERCARD,**** **** **** 0459,Active,JOD,2026-01-27
CARD000465,ACC000465,C000322,MASTERCARD,**** **** **** 0465,Active,USD,2026-01-27
CARD000486,ACC000486,C000335,VISA,**** **** **** 0486,Active,JOD,2026-02-10
CARD000502,ACC000502,C000347,VISA,**** **** **** 0502,Active,JOD,2026-04-09
CARD000508,ACC000508,C000351,VISA,**** **** **** 0508,Active,JOD,2026-02-26
CARD000541,ACC000541,C000378,MASTERCARD,**** **** **** 0541,Active,JOD,2024-03-17
CARD000549,ACC000549,C000382,MASTERCARD,**** **** **** 0549,Active,JOD,2025-05-11
CARD000567,ACC000567,C000394,MASTERCARD,**** **** **** 0567,Active,JOD,2024-11-14
CARD000596,ACC000596,C000413,VISA,**** **** **** 0596,Active,JOD,2025-12-22
CARD000602,ACC000602,C000417,VISA,**** **** **** 0602,Dormant,JOD,2025-12-14
CARD000639,ACC000639,C000446,MASTERCARD,**** **** **** 0639,Active,JOD,2026-01-29
CARD000642,ACC000642,C000450,VISA,**** **** **** 0642,Active,USD,2026-04-29
CARD000658,ACC000658,C000460,VISA,**** **** **** 0658,Dormant,USD,2026-02-19
CARD000675,ACC000675,C000473,MASTERCARD,**** **** **** 0675,Active,JOD,2025-04-28
CARD000681,ACC000681,C000477,MASTERCARD,**** **** **** 0681,Active,USD,2023-09-24
CARD000688,ACC000688,C000481,VISA,**** **** **** 0688,Active,JOD,2026-01-25
CARD000702,ACC000702,C000492,VISA,**** **** **** 0702,Active,USD,2026-06-22
CARD000707,ACC000707,C000497,MASTERCARD,**** **** **** 0707,Closed,JOD,2024-09-22
CARD000727,ACC000727,C000511,MASTERCARD,**** **** **** 0727,Blocked,JOD,2025-07-02
CARD000732,ACC000732,C000513,VISA,**** **** **** 0732,Active,JOD,2026-03-04
CARD000747,ACC000747,C000526,MASTERCARD,**** **** **** 0747,Dormant,JOD,2026-06-07
CARD000793,ACC000793,C000555,MASTERCARD,**** **** **** 0793,Active,JOD,2025-07-13
CARD000798,ACC000798,C000559,VISA,**** **** **** 0798,Active,JOD,2026-05-17
CARD000817,ACC000817,C000570,MASTERCARD,**** **** **** 0817,Active,JOD,2025-01-12
CARD000832,ACC000832,C000582,VISA,**** **** **** 0832,Active,JOD,2024-04-15
CARD000843,ACC000843,C000591,MASTERCARD,**** **** **** 0843,Active,JOD,2025-06-12
CARD000871,ACC000871,C000610,MASTERCARD,**** **** **** 0871,Active,JOD,2026-06-17
CARD000879,ACC000879,C000615,MASTERCARD,**** **** **** 0879,Closed,JOD,2025-12-18
CARD000881,ACC000881,C000617,MASTERCARD,**** **** **** 0881,Active,JOD,2026-06-08
CARD000888,ACC000888,C000622,VISA,**** **** **** 0888,Closed,JOD,2025-08-10
CARD000901,ACC000901,C000631,MASTERCARD,**** **** **** 0901,Closed,JOD,2025-11-30
CARD000923,ACC000923,C000646,MASTERCARD,**** **** **** 0923,Active,USD,2025-11-24
CARD000964,ACC000964,C000673,VISA,**** **** **** 0964,Active,JOD,2026-01-18
CARD000970,ACC000970,C000676,VISA,**** **** **** 0970,Active,USD,2025-12-11
CARD000985,ACC000985,C000684,MASTERCARD,**** **** **** 0985,Active,JOD,2025-12-14
CARD001003,ACC001003,C000698,MASTERCARD,**** **** **** 1003,Active,JOD,2024-01-14
CARD001008,ACC001008,C000702,VISA,**** **** **** 1008,Active,JOD,2025-11-25
CARD001010,ACC001010,C000703,VISA,**** **** **** 1010,Active,JOD,2024-09-15
CARD001025,ACC001025,C000714,MASTERCARD,**** **** **** 1025,Dormant,USD,2025-01-16
CARD001030,ACC001030,C000719,VISA,**** **** **** 1030,Active,JOD,2026-05-11
CARD001038,ACC001038,C000726,VISA,**** **** **** 1038,Active,JOD,2025-09-07
CARD001057,ACC001057,C000741,MASTERCARD,**** **** **** 1057,Closed,JOD,2026-02-23
CARD001067,ACC001067,C000745,MASTERCARD,**** **** **** 1067,Active,JOD,2025-07-24
CARD001072,ACC001072,C000748,VISA,**** **** **** 1072,Active,JOD,2025-05-07
CARD001077,ACC001077,C000752,MASTERCARD,**** **** **** 1077,Dormant,JOD,2026-03-26
CARD001083,ACC001083,C000757,MASTERCARD,**** **** **** 1083,Active,JOD,2025-10-07
CARD001086,ACC001086,C000759,VISA,**** **** **** 1086,Active,JOD,2025-01-21
CARD001090,ACC001090,C000761,VISA,**** **** **** 1090,Active,JOD,2025-10-26
CARD001119,ACC001119,C000780,MASTERCARD,**** **** **** 1119,Active,JOD,2026-06-02
CARD001155,ACC001155,C000806,MASTERCARD,**** **** **** 1155,Dormant,JOD,2025-04-29
CARD001166,ACC001166,C000813,VISA,**** **** **** 1166,Dormant,JOD,2026-06-23
CARD001171,ACC001171,C000816,MASTERCARD,**** **** **** 1171,Closed,JOD,2025-05-13
CARD001175,ACC001175,C000819,MASTERCARD,**** **** **** 1175,Active,USD,2025-01-23
CARD001178,ACC001178,C000821,VISA,**** **** **** 1178,Active,JOD,2025-08-10
CARD001187,ACC001187,C000826,MASTERCARD,**** **** **** 1187,Active,JOD,2026-06-01
CARD001195,ACC001195,C000831,MASTERCARD,**** **** **** 1195,Active,JOD,2024-07-07
CARD001210,ACC001210,C000844,VISA,**** **** **** 1210,Active,JOD,2026-02-22
CARD001214,ACC001214,C000845,VISA,**** **** **** 1214,Active,JOD,2025-04-15
CARD001234,ACC001234,C000860,VISA,**** **** **** 1234,Active,JOD,2025-02-26
CARD001250,ACC001250,C000871,VISA,**** **** **** 1250,Active,JOD,2025-08-11
CARD001262,ACC001262,C000881,VISA,**** **** **** 1262,Active,JOD,2026-03-15
CARD001264,ACC001264,C000883,VISA,**** **** **** 1264,Active,JOD,2026-03-08
CARD001276,ACC001276,C000892,VISA,**** **** **** 1276,Active,JOD,2026-01-27
CARD001283,ACC001283,C000895,MASTERCARD,**** **** **** 1283,Dormant,JOD,2024-05-15
CARD001288,ACC001288,C000898,VISA,**** **** **** 1288,Active,USD,2025-12-22
CARD001294,ACC001294,C000903,VISA,**** **** **** 1294,Active,JOD,2024-07-09
CARD001331,ACC001331,C000931,MASTERCARD,**** **** **** 1331,Active,EUR,2025-12-25
CARD001337,ACC001337,C000935,MASTERCARD,**** **** **** 1337,Active,JOD,2026-01-25
CARD001357,ACC001357,C000947,MASTERCARD,**** **** **** 1357,Active,USD,2025-07-06
CARD001364,ACC001364,C000951,VISA,**** **** **** 1364,Active,JOD,2026-05-31
CARD001367,ACC001367,C000953,MASTERCARD,**** **** **** 1367,Active,JOD,2024-07-03
CARD001372,ACC001372,C000956,VISA,**** **** **** 1372,Active,JOD,2025-09-30
CARD001397,ACC001397,C000972,MASTERCARD,**** **** **** 1397,Active,EUR,2025-11-16
CARD001408,ACC001408,C000981,VISA,**** **** **** 1408,Active,JOD,2026-01-13
CARD001414,ACC001414,C000985,VISA,**** **** **** 1414,Closed,JOD,2024-07-14
CARD001436,ACC001436,C001002,VISA,**** **** **** 1436,Active,USD,2025-01-20
CARD001441,ACC001441,C001005,MASTERCARD,**** **** **** 1441,Active,JOD,2026-02-03
CARD001455,ACC001455,C001017,MASTERCARD,**** **** **** 1455,Active,JOD,2024-10-16
CARD001456,ACC001456,C001018,VISA,**** **** **** 1456,Active,JOD,2026-04-02
CARD001463,ACC001463,C001021,MASTERCARD,**** **** **** 1463,Closed,JOD,2024-09-11
CARD001490,ACC001490,C001044,VISA,**** **** **** 1490,Active,JOD,2025-10-30
CARD001505,ACC001505,C001054,MASTERCARD,**** **** **** 1505,Active,USD,2026-02-10
CARD001522,ACC001522,C001067,VISA,**** **** **** 1522,Active,JOD,2025-12-14
CARD001532,ACC001532,C001071,VISA,**** **** **** 1532,Active,USD,2025-10-05
CARD001551,ACC001551,C001085,MASTERCARD,**** **** **** 1551,Active,USD,2026-06-14
CARD001554,ACC001554,C001087,VISA,**** **** **** 1554,Active,JOD,2026-03-04
CARD001576,ACC001576,C001103,VISA,**** **** **** 1576,Active,JOD,2026-03-08
CARD001581,ACC001581,C001105,MASTERCARD,**** **** **** 1581,Active,JOD,2026-01-11
CARD001582,ACC001582,C001106,VISA,**** **** **** 1582,Active,JOD,2025-05-20
CARD001587,ACC001587,C001110,MASTERCARD,**** **** **** 1587,Dormant,JOD,2023-12-27
CARD001590,ACC001590,C001112,VISA,**** **** **** 1590,Active,JOD,2023-09-03
CARD001597,ACC001597,C001116,MASTERCARD,**** **** **** 1597,Active,JOD,2026-02-22
CARD001607,ACC001607,C001122,MASTERCARD,**** **** **** 1607,Active,JOD,2023-08-02
CARD001611,ACC001611,C001125,MASTERCARD,**** **** **** 1611,Active,JOD,2025-12-02
CARD001613,ACC001613,C001126,MASTERCARD,**** **** **** 1613,Dormant,EUR,2024-12-11
CARD001619,ACC001619,C001129,MASTERCARD,**** **** **** 1619,Active,EUR,2026-03-12
CARD001636,ACC001636,C001141,VISA,**** **** **** 1636,Active,JOD,2026-03-05
CARD001643,ACC001643,C001147,MASTERCARD,**** **** **** 1643,Active,JOD,2025-06-09
CARD001655,ACC001655,C001156,MASTERCARD,**** **** **** 1655,Active,JOD,2025-04-27
CARD001669,ACC001669,C001165,MASTERCARD,**** **** **** 1669,Active,JOD,2024-08-04
CARD001674,ACC001674,C001168,VISA,**** **** **** 1674,Active,JOD,2025-02-17
CARD001679,ACC001679,C001171,MASTERCARD,**** **** **** 1679,Active,JOD,2025-11-02
CARD001683,ACC001683,C001173,MASTERCARD,**** **** **** 1683,Dormant,JOD,2025-02-25
CARD001720,ACC001720,C001196,VISA,**** **** **** 1720,Active,EUR,2026-03-19
CARD001727,ACC001727,C001199,MASTERCARD,**** **** **** 1727,Active,JOD,2025-10-19
CARD001738,ACC001738,C001206,VISA,**** **** **** 1738,Active,EUR,2023-11-07
CARD001742,ACC001742,C001208,VISA,**** **** **** 1742,Active,EUR,2026-02-01
CARD001745,ACC001745,C001210,MASTERCARD,**** **** **** 1745,Active,USD,2025-07-16
CARD001755,ACC001755,C001219,MASTERCARD,**** **** **** 1755,Active,JOD,2025-06-23
CARD001785,ACC001785,C001244,MASTERCARD,**** **** **** 1785,Active,JOD,2025-11-20
CARD001795,ACC001795,C001250,MASTERCARD,**** **** **** 1795,Active,JOD,2025-05-25
CARD001796,ACC001796,C001251,VISA,**** **** **** 1796,Active,JOD,2025-12-07
CARD001799,ACC001799,C001254,MASTERCARD,**** **** **** 1799,Closed,JOD,2025-07-09
CARD001803,ACC001803,C001258,MASTERCARD,**** **** **** 1803,Active,JOD,2024-09-04
CARD001810,ACC001810,C001263,VISA,**** **** **** 1810,Active,JOD,2026-02-04
CARD001819,ACC001819,C001271,MASTERCARD,**** **** **** 1819,Active,JOD,2026-06-14
CARD001822,ACC001822,C001272,VISA,**** **** **** 1822,Active,EUR,2024-12-01
CARD001837,ACC001837,C001281,MASTERCARD,**** **** **** 1837,Active,JOD,2024-11-17
CARD001868,ACC001868,C001304,VISA,**** **** **** 1868,Active,JOD,2025-07-27
CARD001875,ACC001875,C001309,MASTERCARD,**** **** **** 1875,Dormant,JOD,2024-03-03
CARD001882,ACC001882,C001314,VISA,**** **** **** 1882,Blocked,JOD,2025-06-08
CARD001897,ACC001897,C001327,MASTERCARD,**** **** **** 1897,Active,JOD,2025-09-07
CARD001902,ACC001902,C001331,VISA,**** **** **** 1902,Active,JOD,2024-12-18
CARD001905,ACC001905,C001334,MASTERCARD,**** **** **** 1905,Active,JOD,2025-06-02
CARD001924,ACC001924,C001346,VISA,**** **** **** 1924,Active,JOD,2026-06-18
CARD001950,ACC001950,C001362,VISA,**** **** **** 1950,Active,JOD,2026-02-01
CARD001991,ACC001991,C001390,MASTERCARD,**** **** **** 1991,Active,JOD,2024-07-11
CARD001995,ACC001995,C001392,MASTERCARD,**** **** **** 1995,Dormant,USD,2024-04-14
CARD001997,ACC001997,C001393,MASTERCARD,**** **** **** 1997,Active,JOD,2024-09-03
CARD002019,ACC002019,C001406,MASTERCARD,**** **** **** 2019,Active,JOD,2025-10-29
CARD002029,ACC002029,C001412,MASTERCARD,**** **** **** 2029,Active,JOD,2025-08-17
CARD002034,ACC002034,C001416,VISA,**** **** **** 2034,Active,JOD,2026-04-09
CARD002048,ACC002048,C001425,VISA,**** **** **** 2048,Active,JOD,2025-08-05
CARD002063,ACC002063,C001437,MASTERCARD,**** **** **** 2063,Active,JOD,2025-12-14
CARD002094,ACC002094,C001455,VISA,**** **** **** 2094,Active,JOD,2023-12-12
CARD002097,ACC002097,C001456,MASTERCARD,**** **** **** 2097,Active,EUR,2023-06-25
CARD002101,ACC002101,C001458,MASTERCARD,**** **** **** 2101,Dormant,JOD,2026-04-26
CARD002103,ACC002103,C001460,MASTERCARD,**** **** **** 2103,Active,USD,2023-08-27
CARD002113,ACC002113,C001469,MASTERCARD,**** **** **** 2113,Active,JOD,2025-09-16
CARD002117,ACC002117,C001471,MASTERCARD,**** **** **** 2117,Active,JOD,2025-09-14
CARD002125,ACC002125,C001476,MASTERCARD,**** **** **** 2125,Active,EUR,2026-06-28
CARD002133,ACC002133,C001480,MASTERCARD,**** **** **** 2133,Active,USD,2025-03-30
CARD002181,ACC002181,C001511,MASTERCARD,**** **** **** 2181,Active,JOD,2026-04-13
CARD002187,ACC002187,C001515,MASTERCARD,**** **** **** 2187,Closed,JOD,2024-11-20
CARD002190,ACC002190,C001517,VISA,**** **** **** 2190,Active,EUR,2026-04-23
CARD002212,ACC002212,C001532,VISA,**** **** **** 2212,Active,USD,2026-03-09
CARD002222,ACC002222,C001539,VISA,**** **** **** 2222,Active,USD,2025-12-07
CARD002237,ACC002237,C001551,MASTERCARD,**** **** **** 2237,Active,JOD,2025-12-07
CARD002244,ACC002244,C001556,VISA,**** **** **** 2244,Active,JOD,2026-04-30
CARD002249,ACC002249,C001558,MASTERCARD,**** **** **** 2249,Active,JOD,2025-08-20
CARD002266,ACC002266,C001570,VISA,**** **** **** 2266,Active,JOD,2024-10-21
CARD002279,ACC002279,C001579,MASTERCARD,**** **** **** 2279,Active,JOD,2026-01-29
CARD002290,ACC002290,C001586,VISA,**** **** **** 2290,Closed,USD,2025-01-27
CARD002310,ACC002310,C001599,VISA,**** **** **** 2310,Active,EUR,2025-09-28
CARD002332,ACC002332,C001613,VISA,**** **** **** 2332,Active,JOD,2026-03-31
CARD002343,ACC002343,C001622,MASTERCARD,**** **** **** 2343,Active,USD,2026-03-08
CARD002348,ACC002348,C001627,VISA,**** **** **** 2348,Active,JOD,2025-11-30
CARD002351,ACC002351,C001629,MASTERCARD,**** **** **** 2351,Active,JOD,2025-02-09
CARD002363,ACC002363,C001636,MASTERCARD,**** **** **** 2363,Active,JOD,2023-12-06
CARD002376,ACC002376,C001644,VISA,**** **** **** 2376,Dormant,EUR,2025-11-23
CARD002379,ACC002379,C001646,MASTERCARD,**** **** **** 2379,Active,JOD,2025-12-07
CARD002384,ACC002384,C001650,VISA,**** **** **** 2384,Active,JOD,2026-01-28
CARD002391,ACC002391,C001653,MASTERCARD,**** **** **** 2391,Active,JOD,2026-04-01
CARD002397,ACC002397,C001657,MASTERCARD,**** **** **** 2397,Closed,JOD,2024-11-26
CARD002412,ACC002412,C001668,VISA,**** **** **** 2412,Dormant,USD,2024-11-18
CARD002431,ACC002431,C001682,MASTERCARD,**** **** **** 2431,Active,JOD,2024-03-17
CARD002439,ACC002439,C001687,MASTERCARD,**** **** **** 2439,Active,JOD,2023-03-12
CARD002464,ACC002464,C001702,VISA,**** **** **** 2464,Active,JOD,2025-10-26
CARD002476,ACC002476,C001711,VISA,**** **** **** 2476,Active,JOD,2025-06-26
CARD002482,ACC002482,C001715,VISA,**** **** **** 2482,Active,JOD,2025-09-14
CARD002489,ACC002489,C001721,MASTERCARD,**** **** **** 2489,Active,JOD,2025-02-02
CARD002506,ACC002506,C001731,VISA,**** **** **** 2506,Active,EUR,2025-05-25
CARD002536,ACC002536,C001754,VISA,**** **** **** 2536,Active,JOD,2024-10-01
CARD002558,ACC002558,C001769,VISA,**** **** **** 2558,Active,JOD,2025-05-07
CARD002563,ACC002563,C001773,MASTERCARD,**** **** **** 2563,Active,JOD,2026-05-20
CARD002576,ACC002576,C001781,VISA,**** **** **** 2576,Active,USD,2024-10-07
CARD002577,ACC002577,C001782,MASTERCARD,**** **** **** 2577,Closed,JOD,2025-10-26
CARD002586,ACC002586,C001788,VISA,**** **** **** 2586,Active,JOD,2025-08-04
CARD002593,ACC002593,C001794,MASTERCARD,**** **** **** 2593,Dormant,JOD,2024-02-04
CARD002612,ACC002612,C001808,VISA,**** **** **** 2612,Active,JOD,2026-05-17
CARD002650,ACC002650,C001836,VISA,**** **** **** 2650,Active,JOD,2026-03-19
CARD002662,ACC002662,C001846,VISA,**** **** **** 2662,Active,JOD,2025-04-27
CARD002671,ACC002671,C001854,MASTERCARD,**** **** **** 2671,Active,EUR,2026-05-03
CARD002708,ACC002708,C001877,VISA,**** **** **** 2708,Active,USD,2025-09-14
CARD002736,ACC002736,C001896,VISA,**** **** **** 2736,Blocked,USD,2025-03-26
CARD002741,ACC002741,C001901,MASTERCARD,**** **** **** 2741,Active,JOD,2025-03-02
CARD002768,ACC002768,C001922,VISA,**** **** **** 2768,Active,JOD,2025-05-08
CARD002769,ACC002769,C001923,MASTERCARD,**** **** **** 2769,Closed,USD,2026-01-12
CARD002796,ACC002796,C001944,VISA,**** **** **** 2796,Active,USD,2026-01-15
CARD002804,ACC002804,C001950,VISA,**** **** **** 2804,Active,JOD,2024-11-03
CARD002815,ACC002815,C001957,MASTERCARD,**** **** **** 2815,Active,JOD,2026-01-11
CARD002816,ACC002816,C001958,VISA,**** **** **** 2816,Active,JOD,2024-03-04
CARD002824,ACC002824,C001962,VISA,**** **** **** 2824,Active,USD,2026-01-12
CARD002828,ACC002828,C001966,VISA,**** **** **** 2828,Active,JOD,2025-01-12
CARD002843,ACC002843,C001977,MASTERCARD,**** **** **** 2843,Active,USD,2024-05-23
CARD002855,ACC002855,C001985,MASTERCARD,**** **** **** 2855,Active,JOD,2025-11-09
CARD002869,ACC002869,C001996,MASTERCARD,**** **** **** 2869,Active,JOD,2025-12-07
CARD002873,ACC002873,C002000,MASTERCARD,**** **** **** 2873,Active,JOD,2024-09-01
CARD002885,ACC002885,C002005,MASTERCARD,**** **** **** 2885,Active,USD,2026-05-13
CARD002892,ACC002892,C002008,VISA,**** **** **** 2892,Active,USD,2025-06-23
CARD002937,ACC002937,C002042,MASTERCARD,**** **** **** 2937,Active,USD,2025-05-15
CARD002946,ACC002946,C002048,VISA,**** **** **** 2946,Active,JOD,2024-05-12
CARD002969,ACC002969,C002065,MASTERCARD,**** **** **** 2969,Dormant,JOD,2026-06-08
CARD002994,ACC002994,C002086,VISA,**** **** **** 2994,Active,JOD,2026-01-07
CARD002996,ACC002996,C002087,VISA,**** **** **** 2996,Active,USD,2025-10-28
CARD003002,ACC003002,C002091,VISA,**** **** **** 3002,Active,JOD,2025-07-06
CARD003009,ACC003009,C002094,MASTERCARD,**** **** **** 3009,Active,JOD,2025-10-08
CARD003017,ACC003017,C002101,MASTERCARD,**** **** **** 3017,Active,USD,2025-12-16
CARD003036,ACC003036,C002117,VISA,**** **** **** 3036,Active,JOD,2026-06-07
CARD003047,ACC003047,C002123,MASTERCARD,**** **** **** 3047,Active,JOD,2025-12-09
CARD003066,ACC003066,C002138,VISA,**** **** **** 3066,Active,JOD,2026-04-01
CARD003072,ACC003072,C002141,VISA,**** **** **** 3072,Active,JOD,2026-02-08
CARD003084,ACC003084,C002151,VISA,**** **** **** 3084,Active,JOD,2023-11-12
CARD003105,ACC003105,C002170,MASTERCARD,**** **** **** 3105,Active,JOD,2026-06-14
CARD003114,ACC003114,C002175,VISA,**** **** **** 3114,Active,JOD,2024-09-01
CARD003119,ACC003119,C002178,MASTERCARD,**** **** **** 3119,Closed,JOD,2025-09-10
CARD003131,ACC003131,C002185,MASTERCARD,**** **** **** 3131,Active,JOD,2026-03-23
CARD003152,ACC003152,C002199,VISA,**** **** **** 3152,Closed,JOD,2025-11-18
CARD003164,ACC003164,C002205,VISA,**** **** **** 3164,Dormant,USD,2026-04-19
CARD003166,ACC003166,C002206,VISA,**** **** **** 3166,Active,JOD,2024-07-21
CARD003173,ACC003173,C002210,MASTERCARD,**** **** **** 3173,Blocked,JOD,2025-08-31
CARD003174,ACC003174,C002211,VISA,**** **** **** 3174,Active,JOD,2025-06-24
CARD003223,ACC003223,C002241,MASTERCARD,**** **** **** 3223,Active,JOD,2026-01-18
CARD003227,ACC003227,C002243,MASTERCARD,**** **** **** 3227,Active,JOD,2025-09-28
CARD003232,ACC003232,C002246,VISA,**** **** **** 3232,Closed,JOD,2026-01-18
CARD003244,ACC003244,C002254,VISA,**** **** **** 3244,Active,JOD,2024-02-04
CARD003251,ACC003251,C002258,MASTERCARD,**** **** **** 3251,Active,JOD,2025-01-19
CARD003259,ACC003259,C002262,MASTERCARD,**** **** **** 3259,Active,JOD,2025-09-02
CARD003266,ACC003266,C002267,VISA,**** **** **** 3266,Active,JOD,2026-01-22
CARD003280,ACC003280,C002279,VISA,**** **** **** 3280,Active,JOD,2026-01-07
CARD003284,ACC003284,C002281,VISA,**** **** **** 3284,Active,JOD,2025-07-21
CARD003287,ACC003287,C002283,MASTERCARD,**** **** **** 3287,Active,JOD,2026-05-24
CARD003289,ACC003289,C002284,MASTERCARD,**** **** **** 3289,Active,JOD,2025-07-27
CARD003293,ACC003293,C002286,MASTERCARD,**** **** **** 3293,Active,JOD,2025-01-14
CARD003295,ACC003295,C002287,MASTERCARD,**** **** **** 3295,Active,JOD,2025-06-18
CARD003303,ACC003303,C002294,MASTERCARD,**** **** **** 3303,Active,JOD,2026-03-26
CARD003309,ACC003309,C002298,MASTERCARD,**** **** **** 3309,Active,JOD,2025-12-18
CARD003318,ACC003318,C002305,VISA,**** **** **** 3318,Active,JOD,2026-03-03
CARD003334,ACC003334,C002317,VISA,**** **** **** 3334,Active,JOD,2026-06-17
CARD003340,ACC003340,C002320,VISA,**** **** **** 3340,Active,USD,2023-11-19
CARD003347,ACC003347,C002324,MASTERCARD,**** **** **** 3347,Active,JOD,2025-09-10
CARD003349,ACC003349,C002325,MASTERCARD,**** **** **** 3349,Closed,JOD,2025-02-10
CARD003361,ACC003361,C002334,MASTERCARD,**** **** **** 3361,Active,JOD,2026-03-25
CARD003375,ACC003375,C002344,MASTERCARD,**** **** **** 3375,Active,JOD,2025-03-30
CARD003394,ACC003394,C002363,VISA,**** **** **** 3394,Active,JOD,2026-01-04
CARD003419,ACC003419,C002382,MASTERCARD,**** **** **** 3419,Active,JOD,2023-03-05
CARD003430,ACC003430,C002389,VISA,**** **** **** 3430,Active,USD,2025-02-06
CARD003433,ACC003433,C002391,MASTERCARD,**** **** **** 3433,Active,JOD,2026-05-20
CARD003435,ACC003435,C002393,MASTERCARD,**** **** **** 3435,Active,JOD,2025-08-10
CARD003444,ACC003444,C002401,VISA,**** **** **** 3444,Active,USD,2026-06-08
CARD003453,ACC003453,C002406,MASTERCARD,**** **** **** 3453,Active,JOD,2025-06-08
CARD003456,ACC003456,C002407,VISA,**** **** **** 3456,Active,JOD,2026-05-26
CARD003457,ACC003457,C002408,MASTERCARD,**** **** **** 3457,Active,JOD,2026-04-09
CARD003464,ACC003464,C002413,VISA,**** **** **** 3464,Active,JOD,2026-03-29
CARD003492,ACC003492,C002431,VISA,**** **** **** 3492,Active,JOD,2024-01-07
CARD003498,ACC003498,C002434,VISA,**** **** **** 3498,Dormant,JOD,2025-07-27
CARD003509,ACC003509,C002439,MASTERCARD,**** **** **** 3509,Closed,JOD,2025-06-08
CARD003520,ACC003520,C002448,VISA,**** **** **** 3520,Active,JOD,2026-04-28
CARD003526,ACC003526,C002452,VISA,**** **** **** 3526,Active,JOD,2024-10-29
CARD003570,ACC003570,C002481,VISA,**** **** **** 3570,Closed,JOD,2025-10-23
CARD003617,ACC003617,C002519,MASTERCARD,**** **** **** 3617,Active,JOD,2025-11-02
CARD003623,ACC003623,C002522,MASTERCARD,**** **** **** 3623,Active,JOD,2025-04-20
CARD003626,ACC003626,C002523,VISA,**** **** **** 3626,Active,USD,2024-07-21
CARD003629,ACC003629,C002525,MASTERCARD,**** **** **** 3629,Active,EUR,2026-03-03
CARD003637,ACC003637,C002529,MASTERCARD,**** **** **** 3637,Active,USD,2026-01-07
CARD003641,ACC003641,C002532,MASTERCARD,**** **** **** 3641,Dormant,JOD,2026-05-21
CARD003646,ACC003646,C002535,VISA,**** **** **** 3646,Active,JOD,2025-11-04
CARD003669,ACC003669,C002551,MASTERCARD,**** **** **** 3669,Active,JOD,2026-01-20
CARD003672,ACC003672,C002552,VISA,**** **** **** 3672,Active,JOD,2024-07-14
CARD003681,ACC003681,C002558,MASTERCARD,**** **** **** 3681,Blocked,JOD,2025-11-16
CARD003683,ACC003683,C002559,MASTERCARD,**** **** **** 3683,Active,JOD,2024-07-22
CARD003687,ACC003687,C002561,MASTERCARD,**** **** **** 3687,Active,JOD,2025-11-16
CARD003689,ACC003689,C002562,MASTERCARD,**** **** **** 3689,Active,USD,2026-04-05
CARD003691,ACC003691,C002563,MASTERCARD,**** **** **** 3691,Active,JOD,2025-08-10
CARD003701,ACC003701,C002568,MASTERCARD,**** **** **** 3701,Active,JOD,2025-11-30
CARD003711,ACC003711,C002574,MASTERCARD,**** **** **** 3711,Dormant,USD,2025-11-30
CARD003715,ACC003715,C002577,MASTERCARD,**** **** **** 3715,Active,JOD,2026-04-19
CARD003738,ACC003738,C002592,VISA,**** **** **** 3738,Active,JOD,2024-05-05
CARD003766,ACC003766,C002614,VISA,**** **** **** 3766,Active,JOD,2025-05-04
CARD003786,ACC003786,C002631,VISA,**** **** **** 3786,Active,USD,2025-08-24
CARD003792,ACC003792,C002635,VISA,**** **** **** 3792,Active,JOD,2025-10-09
CARD003795,ACC003795,C002637,MASTERCARD,**** **** **** 3795,Active,JOD,2025-02-23
CARD003803,ACC003803,C002642,MASTERCARD,**** **** **** 3803,Active,EUR,2024-12-08
CARD003812,ACC003812,C002649,VISA,**** **** **** 3812,Active,JOD,2025-10-30
CARD003815,ACC003815,C002650,MASTERCARD,**** **** **** 3815,Active,JOD,2024-02-28
CARD003823,ACC003823,C002655,MASTERCARD,**** **** **** 3823,Active,JOD,2023-12-17
CARD003829,ACC003829,C002660,MASTERCARD,**** **** **** 3829,Active,JOD,2026-02-17
CARD003864,ACC003864,C002683,VISA,**** **** **** 3864,Active,JOD,2025-07-07
CARD003865,ACC003865,C002684,MASTERCARD,**** **** **** 3865,Active,JOD,2025-11-19
CARD003911,ACC003911,C002715,MASTERCARD,**** **** **** 3911,Active,USD,2025-03-23
CARD003919,ACC003919,C002722,MASTERCARD,**** **** **** 3919,Active,USD,2025-08-21
CARD003930,ACC003930,C002728,VISA,**** **** **** 3930,Active,JOD,2025-05-18
CARD003996,ACC003996,C002778,VISA,**** **** **** 3996,Active,USD,2026-06-29
CARD004003,ACC004003,C002781,MASTERCARD,**** **** **** 4003,Active,JOD,2024-02-05
CARD004006,ACC004006,C002783,VISA,**** **** **** 4006,Active,JOD,2025-10-28
CARD004011,ACC004011,C002786,MASTERCARD,**** **** **** 4011,Active,JOD,2024-01-25
CARD004078,ACC004078,C002837,VISA,**** **** **** 4078,Active,JOD,2026-01-11
CARD004082,ACC004082,C002840,VISA,**** **** **** 4082,Active,JOD,2026-02-23
CARD004109,ACC004109,C002858,MASTERCARD,**** **** **** 4109,Active,JOD,2025-08-31
CARD004120,ACC004120,C002866,VISA,**** **** **** 4120,Closed,EUR,2025-03-06
CARD004151,ACC004151,C002886,MASTERCARD,**** **** **** 4151,Active,USD,2026-05-24
CARD004207,ACC004207,C002923,MASTERCARD,**** **** **** 4207,Active,JOD,2024-08-26
CARD004214,ACC004214,C002929,VISA,**** **** **** 4214,Active,JOD,2025-12-28
CARD004220,ACC004220,C002934,VISA,**** **** **** 4220,Active,JOD,2025-10-30
CARD004225,ACC004225,C002937,MASTERCARD,**** **** **** 4225,Active,JOD,2025-12-15
CARD004228,ACC004228,C002939,VISA,**** **** **** 4228,Active,JOD,2026-05-24
CARD004231,ACC004231,C002940,MASTERCARD,**** **** **** 4231,Active,USD,2026-03-31
CARD004244,ACC004244,C002949,VISA,**** **** **** 4244,Active,JOD,2024-12-23
CARD004263,ACC004263,C002961,MASTERCARD,**** **** **** 4263,Active,JOD,2023-11-07
CARD004265,ACC004265,C002962,MASTERCARD,**** **** **** 4265,Active,JOD,2025-07-20
CARD004270,ACC004270,C002967,VISA,**** **** **** 4270,Dormant,JOD,2024-04-25
CARD004273,ACC004273,C002969,MASTERCARD,**** **** **** 4273,Active,JOD,2024-06-16
CARD004276,ACC004276,C002972,VISA,**** **** **** 4276,Active,JOD,2025-03-24
CARD004284,ACC004284,C002976,VISA,**** **** **** 4284,Active,JOD,2024-04-09
CARD004295,ACC004295,C002986,MASTERCARD,**** **** **** 4295,Dormant,JOD,2026-05-21
CARD004322,ACC004322,C003003,VISA,**** **** **** 4322,Dormant,JOD,2024-09-19
CARD004336,ACC004336,C003014,VISA,**** **** **** 4336,Active,JOD,2026-01-26
CARD004359,ACC004359,C003028,MASTERCARD,**** **** **** 4359,Active,USD,2026-03-03
CARD004363,ACC004363,C003032,MASTERCARD,**** **** **** 4363,Active,JOD,2025-08-25
CARD004372,ACC004372,C003040,VISA,**** **** **** 4372,Dormant,JOD,2025-08-17
CARD004391,ACC004391,C003051,MASTERCARD,**** **** **** 4391,Active,JOD,2023-11-16
CARD004397,ACC004397,C003057,MASTERCARD,**** **** **** 4397,Active,JOD,2025-08-17
CARD004427,ACC004427,C003078,MASTERCARD,**** **** **** 4427,Active,JOD,2025-07-06
CARD004447,ACC004447,C003091,MASTERCARD,**** **** **** 4447,Active,JOD,2024-12-15
CARD004448,ACC004448,C003092,VISA,**** **** **** 4448,Active,USD,2024-10-06
CARD004462,ACC004462,C003102,VISA,**** **** **** 4462,Active,USD,2025-05-29
CARD004464,ACC004464,C003103,VISA,**** **** **** 4464,Active,JOD,2024-02-11
CARD004466,ACC004466,C003104,VISA,**** **** **** 4466,Blocked,JOD,2025-03-12
CARD004472,ACC004472,C003107,VISA,**** **** **** 4472,Active,USD,2025-05-12
CARD004474,ACC004474,C003108,VISA,**** **** **** 4474,Active,JOD,2026-04-15
CARD004476,ACC004476,C003109,VISA,**** **** **** 4476,Active,JOD,2025-11-12
CARD004504,ACC004504,C003126,VISA,**** **** **** 4504,Active,JOD,2025-01-30
CARD004523,ACC004523,C003138,MASTERCARD,**** **** **** 4523,Active,USD,2025-12-14
CARD004554,ACC004554,C003159,VISA,**** **** **** 4554,Active,JOD,2025-10-29
CARD004556,ACC004556,C003160,VISA,**** **** **** 4556,Active,JOD,2024-03-03
CARD004570,ACC004570,C003169,VISA,**** **** **** 4570,Active,JOD,2024-02-08
CARD004572,ACC004572,C003170,VISA,**** **** **** 4572,Dormant,JOD,2026-04-05
CARD004578,ACC004578,C003173,VISA,**** **** **** 4578,Active,USD,2026-04-02
CARD004591,ACC004591,C003180,MASTERCARD,**** **** **** 4591,Active,USD,2026-05-17
CARD004595,ACC004595,C003182,MASTERCARD,**** **** **** 4595,Active,JOD,2025-01-26
CARD004600,ACC004600,C003187,VISA,**** **** **** 4600,Active,JOD,2024-02-15
CARD004605,ACC004605,C003190,MASTERCARD,**** **** **** 4605,Active,JOD,2026-06-10
CARD004614,ACC004614,C003196,VISA,**** **** **** 4614,Active,JOD,2025-05-28
CARD004617,ACC004617,C003197,MASTERCARD,**** **** **** 4617,Active,JOD,2025-09-28
CARD004637,ACC004637,C003213,MASTERCARD,**** **** **** 4637,Active,JOD,2023-08-24
CARD004645,ACC004645,C003217,MASTERCARD,**** **** **** 4645,Dormant,JOD,2025-10-26
CARD004647,ACC004647,C003219,MASTERCARD,**** **** **** 4647,Active,JOD,2026-06-28
CARD004651,ACC004651,C003221,MASTERCARD,**** **** **** 4651,Active,JOD,2025-12-28
CARD004653,ACC004653,C003222,MASTERCARD,**** **** **** 4653,Active,JOD,2025-10-16
CARD004658,ACC004658,C003225,VISA,**** **** **** 4658,Active,USD,2025-10-19
CARD004664,ACC004664,C003229,VISA,**** **** **** 4664,Active,JOD,2024-09-01
CARD004672,ACC004672,C003234,VISA,**** **** **** 4672,Active,JOD,2026-06-25
CARD004678,ACC004678,C003238,VISA,**** **** **** 4678,Active,JOD,2025-08-07
CARD004684,ACC004684,C003242,VISA,**** **** **** 4684,Active,JOD,2025-09-21
CARD004687,ACC004687,C003244,MASTERCARD,**** **** **** 4687,Active,JOD,2025-11-25
CARD004701,ACC004701,C003255,MASTERCARD,**** **** **** 4701,Active,USD,2025-12-29
CARD004702,ACC004702,C003256,VISA,**** **** **** 4702,Active,JOD,2025-09-29
CARD004705,ACC004705,C003257,MASTERCARD,**** **** **** 4705,Dormant,USD,2024-12-22
CARD004710,ACC004710,C003260,VISA,**** **** **** 4710,Active,JOD,2024-11-18
CARD004713,ACC004713,C003261,MASTERCARD,**** **** **** 4713,Blocked,EUR,2026-05-10
CARD004720,ACC004720,C003267,VISA,**** **** **** 4720,Active,JOD,2026-03-19
CARD004727,ACC004727,C003269,MASTERCARD,**** **** **** 4727,Active,USD,2026-03-08
CARD004733,ACC004733,C003273,MASTERCARD,**** **** **** 4733,Active,JOD,2026-04-30
CARD004748,ACC004748,C003283,VISA,**** **** **** 4748,Active,JOD,2025-10-19
CARD004767,ACC004767,C003298,MASTERCARD,**** **** **** 4767,Active,JOD,2025-06-22
CARD004783,ACC004783,C003308,MASTERCARD,**** **** **** 4783,Active,JOD,2024-03-24
CARD004803,ACC004803,C003321,MASTERCARD,**** **** **** 4803,Active,JOD,2025-05-29
CARD004841,ACC004841,C003351,MASTERCARD,**** **** **** 4841,Active,EUR,2026-06-04
CARD004850,ACC004850,C003356,VISA,**** **** **** 4850,Active,JOD,2025-03-30
CARD004867,ACC004867,C003368,MASTERCARD,**** **** **** 4867,Active,USD,2024-12-03
CARD004871,ACC004871,C003370,MASTERCARD,**** **** **** 4871,Active,USD,2026-01-14
CARD004884,ACC004884,C003379,VISA,**** **** **** 4884,Active,EUR,2025-06-17
CARD004885,ACC004885,C003380,MASTERCARD,**** **** **** 4885,Active,JOD,2025-12-28
CARD004900,ACC004900,C003387,VISA,**** **** **** 4900,Active,JOD,2025-04-14
CARD004907,ACC004907,C003392,MASTERCARD,**** **** **** 4907,Active,JOD,2025-08-24
CARD004909,ACC004909,C003394,MASTERCARD,**** **** **** 4909,Active,JOD,2025-05-07
CARD004923,ACC004923,C003403,MASTERCARD,**** **** **** 4923,Active,JOD,2025-05-01
CARD004971,ACC004971,C003437,MASTERCARD,**** **** **** 4971,Closed,JOD,2025-03-02
CARD004980,ACC004980,C003445,VISA,**** **** **** 4980,Blocked,JOD,2025-04-15
CARD004982,ACC004982,C003446,VISA,**** **** **** 4982,Active,JOD,2025-12-30
CARD004990,ACC004990,C003451,VISA,**** **** **** 4990,Closed,JOD,2025-11-10
CARD005001,ACC005001,C003458,MASTERCARD,**** **** **** 5001,Active,JOD,2025-12-21
CARD005008,ACC005008,C003465,VISA,**** **** **** 5008,Active,JOD,2026-01-22
CARD005015,ACC005015,C003468,MASTERCARD,**** **** **** 5015,Dormant,JOD,2025-09-30
CARD005018,ACC005018,C003469,VISA,**** **** **** 5018,Active,USD,2025-06-18
CARD005030,ACC005030,C003477,VISA,**** **** **** 5030,Active,JOD,2024-10-14
CARD005043,ACC005043,C003485,MASTERCARD,**** **** **** 5043,Active,JOD,2025-11-18
CARD005056,ACC005056,C003495,VISA,**** **** **** 5056,Active,JOD,2025-05-07
CARD005058,ACC005058,C003496,VISA,**** **** **** 5058,Active,JOD,2026-02-08
CARD005078,ACC005078,C003511,VISA,**** **** **** 5078,Active,EUR,2026-02-02
CARD005080,ACC005080,C003512,VISA,**** **** **** 5080,Active,USD,2024-10-10
CARD005130,ACC005130,C003547,VISA,**** **** **** 5130,Blocked,JOD,2023-02-15
CARD005133,ACC005133,C003550,MASTERCARD,**** **** **** 5133,Active,JOD,2025-09-04
CARD005145,ACC005145,C003560,MASTERCARD,**** **** **** 5145,Active,JOD,2023-10-19
CARD005157,ACC005157,C003570,MASTERCARD,**** **** **** 5157,Active,EUR,2026-03-22
CARD005186,ACC005186,C003590,VISA,**** **** **** 5186,Active,JOD,2025-02-05
CARD005206,ACC005206,C003604,VISA,**** **** **** 5206,Active,EUR,2026-02-18
CARD005210,ACC005210,C003606,VISA,**** **** **** 5210,Active,JOD,2025-11-13
CARD005228,ACC005228,C003620,VISA,**** **** **** 5228,Active,JOD,2025-03-12
CARD005230,ACC005230,C003622,VISA,**** **** **** 5230,Active,USD,2023-12-19
CARD005245,ACC005245,C003631,MASTERCARD,**** **** **** 5245,Active,JOD,2023-08-29
CARD005255,ACC005255,C003638,MASTERCARD,**** **** **** 5255,Active,JOD,2025-06-01
CARD005269,ACC005269,C003646,MASTERCARD,**** **** **** 5269,Active,JOD,2025-05-22
CARD005285,ACC005285,C003658,MASTERCARD,**** **** **** 5285,Active,JOD,2026-01-11
CARD005297,ACC005297,C003664,MASTERCARD,**** **** **** 5297,Blocked,JOD,2026-04-08
CARD005303,ACC005303,C003666,MASTERCARD,**** **** **** 5303,Active,JOD,2023-06-15
CARD005313,ACC005313,C003671,MASTERCARD,**** **** **** 5313,Active,JOD,2026-01-25
CARD005324,ACC005324,C003679,VISA,**** **** **** 5324,Active,JOD,2025-01-14
CARD005342,ACC005342,C003691,VISA,**** **** **** 5342,Dormant,JOD,2025-10-02
CARD005349,ACC005349,C003696,MASTERCARD,**** **** **** 5349,Active,JOD,2025-12-28
CARD005368,ACC005368,C003709,VISA,**** **** **** 5368,Active,JOD,2025-11-09
CARD005369,ACC005369,C003710,MASTERCARD,**** **** **** 5369,Closed,USD,2025-03-23
CARD005393,ACC005393,C003727,MASTERCARD,**** **** **** 5393,Active,JOD,2024-11-05
CARD005401,ACC005401,C003734,MASTERCARD,**** **** **** 5401,Active,JOD,2026-03-31
CARD005406,ACC005406,C003739,VISA,**** **** **** 5406,Dormant,JOD,2026-02-17
CARD005421,ACC005421,C003748,MASTERCARD,**** **** **** 5421,Blocked,JOD,2026-05-24
CARD005426,ACC005426,C003752,VISA,**** **** **** 5426,Active,JOD,2025-01-12
CARD005440,ACC005440,C003762,VISA,**** **** **** 5440,Active,JOD,2026-03-08
CARD005442,ACC005442,C003764,VISA,**** **** **** 5442,Active,JOD,2024-12-15
CARD005447,ACC005447,C003767,MASTERCARD,**** **** **** 5447,Active,JOD,2026-05-13
CARD005451,ACC005451,C003769,MASTERCARD,**** **** **** 5451,Closed,JOD,2026-06-25
CARD005452,ACC005452,C003770,VISA,**** **** **** 5452,Active,USD,2026-05-10
CARD005459,ACC005459,C003775,MASTERCARD,**** **** **** 5459,Closed,JOD,2025-06-12
CARD005479,ACC005479,C003787,MASTERCARD,**** **** **** 5479,Active,JOD,2024-10-14
CARD005485,ACC005485,C003791,MASTERCARD,**** **** **** 5485,Active,JOD,2024-08-08
CARD005512,ACC005512,C003811,VISA,**** **** **** 5512,Active,JOD,2025-01-14
CARD005515,ACC005515,C003812,MASTERCARD,**** **** **** 5515,Closed,JOD,2025-06-22
CARD005527,ACC005527,C003820,MASTERCARD,**** **** **** 5527,Active,JOD,2025-12-14
CARD005534,ACC005534,C003826,VISA,**** **** **** 5534,Active,JOD,2026-06-18
CARD005552,ACC005552,C003836,VISA,**** **** **** 5552,Active,USD,2024-06-26
CARD005558,ACC005558,C003840,VISA,**** **** **** 5558,Active,JOD,2024-10-02
CARD005579,ACC005579,C003854,MASTERCARD,**** **** **** 5579,Closed,JOD,2025-09-09
CARD005585,ACC005585,C003859,MASTERCARD,**** **** **** 5585,Active,USD,2024-10-09
CARD005599,ACC005599,C003867,MASTERCARD,**** **** **** 5599,Active,USD,2026-03-29
CARD005607,ACC005607,C003871,MASTERCARD,**** **** **** 5607,Active,JOD,2026-05-19
CARD005610,ACC005610,C003873,VISA,**** **** **** 5610,Dormant,USD,2025-07-20
CARD005614,ACC005614,C003874,VISA,**** **** **** 5614,Active,USD,2025-06-25
CARD005639,ACC005639,C003892,MASTERCARD,**** **** **** 5639,Active,USD,2023-09-18
CARD005642,ACC005642,C003893,VISA,**** **** **** 5642,Active,JOD,2024-09-26
CARD005655,ACC005655,C003899,MASTERCARD,**** **** **** 5655,Active,JOD,2026-01-04
CARD005667,ACC005667,C003907,MASTERCARD,**** **** **** 5667,Active,JOD,2025-10-02
CARD005685,ACC005685,C003921,MASTERCARD,**** **** **** 5685,Active,JOD,2026-02-24
CARD005691,ACC005691,C003925,MASTERCARD,**** **** **** 5691,Active,JOD,2023-12-20
CARD005698,ACC005698,C003929,VISA,**** **** **** 5698,Active,JOD,2025-01-20
CARD005714,ACC005714,C003940,VISA,**** **** **** 5714,Active,JOD,2026-04-15
CARD005724,ACC005724,C003944,VISA,**** **** **** 5724,Active,JOD,2024-01-22
CARD005754,ACC005754,C003965,VISA,**** **** **** 5754,Dormant,JOD,2024-09-01
CARD005770,ACC005770,C003977,VISA,**** **** **** 5770,Active,JOD,2024-09-23
CARD005788,ACC005788,C003989,VISA,**** **** **** 5788,Active,EUR,2026-01-26
CARD005795,ACC005795,C003994,MASTERCARD,**** **** **** 5795,Closed,EUR,2025-12-11
CARD005800,ACC005800,C003999,VISA,**** **** **** 5800,Active,JOD,2025-07-03
CARD005810,ACC005810,C004005,VISA,**** **** **** 5810,Active,USD,2025-01-13
CARD005825,ACC005825,C004016,MASTERCARD,**** **** **** 5825,Closed,JOD,2026-03-03
CARD005835,ACC005835,C004021,MASTERCARD,**** **** **** 5835,Active,JOD,2024-07-30
CARD005839,ACC005839,C004023,MASTERCARD,**** **** **** 5839,Active,JOD,2026-06-18
CARD005845,ACC005845,C004026,MASTERCARD,**** **** **** 5845,Active,JOD,2026-04-30
CARD005868,ACC005868,C004041,VISA,**** **** **** 5868,Active,JOD,2026-05-21
CARD005898,ACC005898,C004064,VISA,**** **** **** 5898,Active,JOD,2026-02-08
CARD005905,ACC005905,C004067,MASTERCARD,**** **** **** 5905,Active,USD,2026-03-10
CARD005922,ACC005922,C004076,VISA,**** **** **** 5922,Active,JOD,2025-10-28
CARD005934,ACC005934,C004087,VISA,**** **** **** 5934,Closed,JOD,2024-07-09
CARD005936,ACC005936,C004088,VISA,**** **** **** 5936,Active,USD,2024-08-04
CARD005958,ACC005958,C004103,VISA,**** **** **** 5958,Active,JOD,2026-05-03
CARD005960,ACC005960,C004104,VISA,**** **** **** 5960,Active,JOD,2025-11-09
CARD005982,ACC005982,C004120,VISA,**** **** **** 5982,Active,JOD,2024-08-11
CARD005988,ACC005988,C004124,VISA,**** **** **** 5988,Active,USD,2026-03-08
CARD006014,ACC006014,C004145,VISA,**** **** **** 6014,Active,JOD,2024-06-03
CARD006036,ACC006036,C004162,VISA,**** **** **** 6036,Active,JOD,2024-04-24
CARD006046,ACC006046,C004168,VISA,**** **** **** 6046,Active,JOD,2025-03-02
CARD006063,ACC006063,C004182,MASTERCARD,**** **** **** 6063,Active,JOD,2026-02-24
CARD006069,ACC006069,C004185,MASTERCARD,**** **** **** 6069,Active,JOD,2026-03-05
CARD006071,ACC006071,C004186,MASTERCARD,**** **** **** 6071,Active,EUR,2025-06-16
CARD006087,ACC006087,C004196,MASTERCARD,**** **** **** 6087,Active,JOD,2024-06-02
CARD006089,ACC006089,C004197,MASTERCARD,**** **** **** 6089,Active,JOD,2026-02-22
CARD006090,ACC006090,C004198,VISA,**** **** **** 6090,Active,JOD,2025-12-29
CARD006093,ACC006093,C004199,MASTERCARD,**** **** **** 6093,Active,JOD,2026-06-09
CARD006105,ACC006105,C004207,MASTERCARD,**** **** **** 6105,Dormant,JOD,2025-12-04
CARD006133,ACC006133,C004229,MASTERCARD,**** **** **** 6133,Active,JOD,2025-03-12
CARD006154,ACC006154,C004245,VISA,**** **** **** 6154,Active,USD,2026-04-29
CARD006157,ACC006157,C004247,MASTERCARD,**** **** **** 6157,Active,JOD,2025-03-12
CARD006177,ACC006177,C004261,MASTERCARD,**** **** **** 6177,Active,JOD,2023-05-31
CARD006203,ACC006203,C004282,MASTERCARD,**** **** **** 6203,Dormant,JOD,2025-07-08
CARD006210,ACC006210,C004288,VISA,**** **** **** 6210,Active,JOD,2025-12-11
CARD006214,ACC006214,C004293,VISA,**** **** **** 6214,Closed,EUR,2026-05-10
CARD006230,ACC006230,C004304,VISA,**** **** **** 6230,Closed,JOD,2026-06-25
CARD006231,ACC006231,C004305,MASTERCARD,**** **** **** 6231,Active,JOD,2024-02-27
CARD006245,ACC006245,C004312,MASTERCARD,**** **** **** 6245,Active,JOD,2025-11-06
CARD006251,ACC006251,C004314,MASTERCARD,**** **** **** 6251,Closed,JOD,2026-05-11
CARD006259,ACC006259,C004320,MASTERCARD,**** **** **** 6259,Active,JOD,2026-03-15
CARD006273,ACC006273,C004329,MASTERCARD,**** **** **** 6273,Dormant,JOD,2024-09-25
CARD006277,ACC006277,C004331,MASTERCARD,**** **** **** 6277,Dormant,EUR,2026-03-24
CARD006295,ACC006295,C004342,MASTERCARD,**** **** **** 6295,Active,JOD,2025-05-18
CARD006299,ACC006299,C004344,MASTERCARD,**** **** **** 6299,Dormant,JOD,2023-08-17
CARD006303,ACC006303,C004346,MASTERCARD,**** **** **** 6303,Active,USD,2026-05-11
CARD006314,ACC006314,C004354,VISA,**** **** **** 6314,Active,JOD,2026-03-02
CARD006329,ACC006329,C004363,MASTERCARD,**** **** **** 6329,Active,JOD,2026-03-04
CARD006332,ACC006332,C004365,VISA,**** **** **** 6332,Active,JOD,2024-12-30
CARD006335,ACC006335,C004368,MASTERCARD,**** **** **** 6335,Active,USD,2026-03-03
CARD006357,ACC006357,C004383,MASTERCARD,**** **** **** 6357,Active,JOD,2026-04-05
CARD006363,ACC006363,C004388,MASTERCARD,**** **** **** 6363,Dormant,JOD,2025-07-22
CARD006371,ACC006371,C004394,MASTERCARD,**** **** **** 6371,Active,JOD,2026-05-03
CARD006395,ACC006395,C004406,MASTERCARD,**** **** **** 6395,Active,JOD,2026-05-17
CARD006397,ACC006397,C004407,MASTERCARD,**** **** **** 6397,Dormant,USD,2025-03-30
CARD006406,ACC006406,C004414,VISA,**** **** **** 6406,Active,JOD,2025-01-05
CARD006428,ACC006428,C004432,VISA,**** **** **** 6428,Active,JOD,2026-03-01
CARD006438,ACC006438,C004440,VISA,**** **** **** 6438,Active,USD,2024-12-22
CARD006449,ACC006449,C004449,MASTERCARD,**** **** **** 6449,Active,JOD,2025-10-22
CARD006465,ACC006465,C004462,MASTERCARD,**** **** **** 6465,Active,JOD,2025-08-11
CARD006471,ACC006471,C004468,MASTERCARD,**** **** **** 6471,Active,JOD,2025-03-25
CARD006486,ACC006486,C004479,VISA,**** **** **** 6486,Active,JOD,2025-12-17
CARD006492,ACC006492,C004483,VISA,**** **** **** 6492,Active,JOD,2026-03-17
CARD006512,ACC006512,C004498,VISA,**** **** **** 6512,Dormant,JOD,2024-04-07
CARD006528,ACC006528,C004508,VISA,**** **** **** 6528,Active,EUR,2025-09-28
CARD006533,ACC006533,C004510,MASTERCARD,**** **** **** 6533,Closed,USD,2025-09-18
CARD006545,ACC006545,C004520,MASTERCARD,**** **** **** 6545,Active,USD,2026-03-30
CARD006546,ACC006546,C004521,VISA,**** **** **** 6546,Active,JOD,2025-09-14
CARD006548,ACC006548,C004522,VISA,**** **** **** 6548,Active,JOD,2026-04-16
CARD006571,ACC006571,C004538,MASTERCARD,**** **** **** 6571,Active,USD,2025-09-14
CARD006588,ACC006588,C004548,VISA,**** **** **** 6588,Active,JOD,2023-09-18
CARD006609,ACC006609,C004566,MASTERCARD,**** **** **** 6609,Active,JOD,2025-11-23
CARD006617,ACC006617,C004569,MASTERCARD,**** **** **** 6617,Active,JOD,2025-04-20
CARD006624,ACC006624,C004574,VISA,**** **** **** 6624,Active,JOD,2025-01-26
CARD006633,ACC006633,C004579,MASTERCARD,**** **** **** 6633,Active,JOD,2026-06-28
CARD006643,ACC006643,C004586,MASTERCARD,**** **** **** 6643,Active,USD,2024-03-17
CARD006650,ACC006650,C004592,VISA,**** **** **** 6650,Dormant,JOD,2024-11-27
CARD006653,ACC006653,C004593,MASTERCARD,**** **** **** 6653,Active,JOD,2026-04-09
CARD006655,ACC006655,C004595,MASTERCARD,**** **** **** 6655,Active,EUR,2024-01-15
CARD006656,ACC006656,C004596,VISA,**** **** **** 6656,Active,JOD,2026-02-19
CARD006673,ACC006673,C004606,MASTERCARD,**** **** **** 6673,Active,JOD,2025-10-01
CARD006683,ACC006683,C004614,MASTERCARD,**** **** **** 6683,Active,JOD,2026-05-10
CARD006687,ACC006687,C004616,MASTERCARD,**** **** **** 6687,Active,JOD,2024-12-08
CARD006699,ACC006699,C004624,MASTERCARD,**** **** **** 6699,Active,JOD,2025-11-19
CARD006707,ACC006707,C004628,MASTERCARD,**** **** **** 6707,Active,JOD,2026-03-01
CARD006711,ACC006711,C004630,MASTERCARD,**** **** **** 6711,Active,JOD,2025-04-20
CARD006720,ACC006720,C004637,VISA,**** **** **** 6720,Active,JOD,2025-05-18
CARD006726,ACC006726,C004641,VISA,**** **** **** 6726,Active,USD,2023-10-15
CARD006730,ACC006730,C004643,VISA,**** **** **** 6730,Active,JOD,2026-05-18
CARD006731,ACC006731,C004644,MASTERCARD,**** **** **** 6731,Active,USD,2025-12-04
CARD006743,ACC006743,C004651,MASTERCARD,**** **** **** 6743,Active,JOD,2024-09-01
CARD006751,ACC006751,C004657,MASTERCARD,**** **** **** 6751,Active,JOD,2026-03-03
CARD006759,ACC006759,C004660,MASTERCARD,**** **** **** 6759,Active,JOD,2025-05-04
CARD006764,ACC006764,C004662,VISA,**** **** **** 6764,Active,JOD,2025-07-23
CARD006785,ACC006785,C004676,MASTERCARD,**** **** **** 6785,Dormant,EUR,2025-10-19
CARD006786,ACC006786,C004677,VISA,**** **** **** 6786,Active,JOD,2026-05-31
CARD006812,ACC006812,C004698,VISA,**** **** **** 6812,Active,USD,2025-04-30
CARD006820,ACC006820,C004701,VISA,**** **** **** 6820,Active,JOD,2026-03-15
CARD006832,ACC006832,C004709,VISA,**** **** **** 6832,Active,JOD,2025-01-05
CARD006876,ACC006876,C004739,VISA,**** **** **** 6876,Active,JOD,2024-02-11
CARD006883,ACC006883,C004743,MASTERCARD,**** **** **** 6883,Dormant,JOD,2024-09-29
CARD006899,ACC006899,C004754,MASTERCARD,**** **** **** 6899,Active,EUR,2025-09-11
CARD006902,ACC006902,C004755,VISA,**** **** **** 6902,Active,JOD,2023-12-24
CARD006918,ACC006918,C004768,VISA,**** **** **** 6918,Active,JOD,2026-06-28
CARD006923,ACC006923,C004770,MASTERCARD,**** **** **** 6923,Active,JOD,2025-07-15
CARD006930,ACC006930,C004774,VISA,**** **** **** 6930,Blocked,JOD,2024-09-26
CARD006933,ACC006933,C004775,MASTERCARD,**** **** **** 6933,Active,EUR,2025-09-18
CARD006959,ACC006959,C004792,MASTERCARD,**** **** **** 6959,Active,JOD,2024-09-30
CARD006963,ACC006963,C004797,MASTERCARD,**** **** **** 6963,Dormant,JOD,2026-01-19
CARD006964,ACC006964,C004798,VISA,**** **** **** 6964,Active,USD,2026-06-16
CARD006975,ACC006975,C004803,MASTERCARD,**** **** **** 6975,Active,USD,2025-05-11
CARD006986,ACC006986,C004809,VISA,**** **** **** 6986,Active,JOD,2025-04-06
CARD007024,ACC007024,C004834,VISA,**** **** **** 7024,Active,USD,2026-02-25
CARD007036,ACC007036,C004840,VISA,**** **** **** 7036,Active,JOD,2025-10-02
CARD007049,ACC007049,C004851,MASTERCARD,**** **** **** 7049,Active,JOD,2025-09-21
CARD007075,ACC007075,C004868,MASTERCARD,**** **** **** 7075,Active,JOD,2026-04-13
CARD007087,ACC007087,C004874,MASTERCARD,**** **** **** 7087,Active,JOD,2024-06-30
CARD007098,ACC007098,C004883,VISA,**** **** **** 7098,Closed,JOD,2024-04-09
CARD007101,ACC007101,C004884,MASTERCARD,**** **** **** 7101,Active,JOD,2026-03-19
CARD007121,ACC007121,C004897,MASTERCARD,**** **** **** 7121,Active,JOD,2025-10-14
CARD007144,ACC007144,C004911,VISA,**** **** **** 7144,Dormant,JOD,2025-06-01
CARD007174,ACC007174,C004930,VISA,**** **** **** 7174,Dormant,JOD,2026-04-26
CARD007176,ACC007176,C004931,VISA,**** **** **** 7176,Active,JOD,2026-04-16
CARD007203,ACC007203,C004951,MASTERCARD,**** **** **** 7203,Active,USD,2025-03-23
CARD007233,ACC007233,C004973,MASTERCARD,**** **** **** 7233,Active,JOD,2024-12-09
CARD007249,ACC007249,C004985,MASTERCARD,**** **** **** 7249,Active,USD,2025-12-09
CARD007257,ACC007257,C004990,MASTERCARD,**** **** **** 7257,Active,JOD,2025-04-29
CARD007262,ACC007262,C004994,VISA,**** **** **** 7262,Active,JOD,2024-03-10
CARD007268,ACC007268,C005000,VISA,**** **** **** 7268,Active,JOD,2024-05-23
CARD007273,ACC007273,C005003,MASTERCARD,**** **** **** 7273,Active,JOD,2024-07-07
CARD007274,ACC007274,C005004,VISA,**** **** **** 7274,Active,JOD,2025-12-10
CARD007309,ACC007309,C005024,MASTERCARD,**** **** **** 7309,Active,JOD,2025-02-19
CARD007322,ACC007322,C005034,VISA,**** **** **** 7322,Active,JOD,2024-12-22
CARD007329,ACC007329,C005041,MASTERCARD,**** **** **** 7329,Dormant,JOD,2025-09-14
CARD007365,ACC007365,C005068,MASTERCARD,**** **** **** 7365,Active,JOD,2024-12-12
CARD007366,ACC007366,C005069,VISA,**** **** **** 7366,Closed,JOD,2026-05-18
CARD007373,ACC007373,C005074,MASTERCARD,**** **** **** 7373,Active,JOD,2026-04-05
CARD007384,ACC007384,C005079,VISA,**** **** **** 7384,Dormant,JOD,2025-08-14
CARD007405,ACC007405,C005092,MASTERCARD,**** **** **** 7405,Active,JOD,2026-04-05
CARD007412,ACC007412,C005096,VISA,**** **** **** 7412,Active,JOD,2025-07-13
CARD007421,ACC007421,C005104,MASTERCARD,**** **** **** 7421,Active,JOD,2025-12-24
CARD007436,ACC007436,C005113,VISA,**** **** **** 7436,Active,JOD,2025-01-08
CARD007450,ACC007450,C005124,VISA,**** **** **** 7450,Active,JOD,2023-12-31
CARD007467,ACC007467,C005137,MASTERCARD,**** **** **** 7467,Active,USD,2026-06-07
CARD007474,ACC007474,C005142,VISA,**** **** **** 7474,Active,EUR,2026-02-17
CARD007501,ACC007501,C005161,MASTERCARD,**** **** **** 7501,Active,JOD,2025-04-06
CARD007509,ACC007509,C005168,MASTERCARD,**** **** **** 7509,Active,EUR,2026-03-19
CARD007512,ACC007512,C005169,VISA,**** **** **** 7512,Active,USD,2023-05-10
CARD007524,ACC007524,C005176,VISA,**** **** **** 7524,Active,JOD,2025-03-30
CARD007536,ACC007536,C005185,VISA,**** **** **** 7536,Active,JOD,2024-05-23
CARD007539,ACC007539,C005186,MASTERCARD,**** **** **** 7539,Closed,USD,2024-12-24
CARD007561,ACC007561,C005197,MASTERCARD,**** **** **** 7561,Active,USD,2025-03-16
CARD007563,ACC007563,C005198,MASTERCARD,**** **** **** 7563,Dormant,JOD,2025-10-05
CARD007569,ACC007569,C005203,MASTERCARD,**** **** **** 7569,Active,EUR,2025-09-23
CARD007573,ACC007573,C005205,MASTERCARD,**** **** **** 7573,Active,JOD,2026-02-08
CARD007576,ACC007576,C005207,VISA,**** **** **** 7576,Active,USD,2026-02-16
CARD007578,ACC007578,C005208,VISA,**** **** **** 7578,Active,JOD,2025-12-09
CARD007584,ACC007584,C005213,VISA,**** **** **** 7584,Active,JOD,2024-10-30
CARD007591,ACC007591,C005218,MASTERCARD,**** **** **** 7591,Active,JOD,2024-10-14
CARD007608,ACC007608,C005227,VISA,**** **** **** 7608,Active,USD,2026-04-02
CARD007651,ACC007651,C005257,MASTERCARD,**** **** **** 7651,Active,JOD,2025-04-17
CARD007660,ACC007660,C005265,VISA,**** **** **** 7660,Active,JOD,2024-10-14
CARD007689,ACC007689,C005289,MASTERCARD,**** **** **** 7689,Active,JOD,2025-06-12
CARD007695,ACC007695,C005292,MASTERCARD,**** **** **** 7695,Blocked,JOD,2026-05-10
CARD007698,ACC007698,C005293,VISA,**** **** **** 7698,Active,JOD,2023-12-24
CARD007708,ACC007708,C005301,VISA,**** **** **** 7708,Active,JOD,2024-12-05
CARD007721,ACC007721,C005309,MASTERCARD,**** **** **** 7721,Active,JOD,2026-05-21
CARD007728,ACC007728,C005313,VISA,**** **** **** 7728,Active,JOD,2024-12-08
CARD007765,ACC007765,C005339,MASTERCARD,**** **** **** 7765,Active,JOD,2025-04-13
CARD007768,ACC007768,C005341,VISA,**** **** **** 7768,Active,JOD,2024-08-29
CARD007778,ACC007778,C005347,VISA,**** **** **** 7778,Active,USD,2026-02-16
CARD007783,ACC007783,C005350,MASTERCARD,**** **** **** 7783,Dormant,JOD,2024-06-06
CARD007788,ACC007788,C005353,VISA,**** **** **** 7788,Closed,JOD,2026-04-26
CARD007792,ACC007792,C005354,VISA,**** **** **** 7792,Active,JOD,2025-11-12
CARD007817,ACC007817,C005366,MASTERCARD,**** **** **** 7817,Active,JOD,2025-10-19
CARD007822,ACC007822,C005370,VISA,**** **** **** 7822,Active,JOD,2024-01-09
CARD007825,ACC007825,C005371,MASTERCARD,**** **** **** 7825,Blocked,JOD,2025-06-01
CARD007843,ACC007843,C005383,MASTERCARD,**** **** **** 7843,Active,JOD,2025-03-09
CARD007848,ACC007848,C005385,VISA,**** **** **** 7848,Active,JOD,2026-04-12
CARD007874,ACC007874,C005400,VISA,**** **** **** 7874,Dormant,USD,2025-04-24
CARD007882,ACC007882,C005407,VISA,**** **** **** 7882,Active,JOD,2026-06-14
CARD007916,ACC007916,C005431,VISA,**** **** **** 7916,Active,JOD,2026-05-24
CARD007920,ACC007920,C005434,VISA,**** **** **** 7920,Dormant,USD,2026-06-28
CARD007929,ACC007929,C005439,MASTERCARD,**** **** **** 7929,Active,JOD,2026-01-08
CARD007952,ACC007952,C005452,VISA,**** **** **** 7952,Active,JOD,2025-07-30
CARD007957,ACC007957,C005455,MASTERCARD,**** **** **** 7957,Dormant,USD,2025-12-28
CARD007969,ACC007969,C005463,MASTERCARD,**** **** **** 7969,Closed,JOD,2024-08-28
CARD008042,ACC008042,C005508,VISA,**** **** **** 8042,Active,JOD,2024-08-05
CARD008045,ACC008045,C005509,MASTERCARD,**** **** **** 8045,Closed,USD,2024-12-09
CARD008048,ACC008048,C005510,VISA,**** **** **** 8048,Active,EUR,2024-04-04
CARD008050,ACC008050,C005511,VISA,**** **** **** 8050,Active,JOD,2024-04-14
CARD008052,ACC008052,C005512,VISA,**** **** **** 8052,Active,JOD,2026-04-06
CARD008054,ACC008054,C005513,VISA,**** **** **** 8054,Active,JOD,2024-09-29
CARD008057,ACC008057,C005515,MASTERCARD,**** **** **** 8057,Active,JOD,2026-02-17
CARD008066,ACC008066,C005520,VISA,**** **** **** 8066,Active,USD,2026-05-20
CARD008077,ACC008077,C005529,MASTERCARD,**** **** **** 8077,Active,JOD,2024-03-21
CARD008094,ACC008094,C005543,VISA,**** **** **** 8094,Active,USD,2026-03-22
CARD008098,ACC008098,C005545,VISA,**** **** **** 8098,Active,JOD,2025-12-16
CARD008107,ACC008107,C005552,MASTERCARD,**** **** **** 8107,Active,JOD,2025-04-27
CARD008137,ACC008137,C005572,MASTERCARD,**** **** **** 8137,Active,JOD,2024-04-16
CARD008141,ACC008141,C005576,MASTERCARD,**** **** **** 8141,Active,JOD,2025-05-07
CARD008157,ACC008157,C005588,MASTERCARD,**** **** **** 8157,Active,USD,2025-03-02
CARD008161,ACC008161,C005591,MASTERCARD,**** **** **** 8161,Active,JOD,2026-05-20
CARD008171,ACC008171,C005600,MASTERCARD,**** **** **** 8171,Active,USD,2025-06-03
CARD008183,ACC008183,C005609,MASTERCARD,**** **** **** 8183,Dormant,JOD,2025-05-20
CARD008186,ACC008186,C005612,VISA,**** **** **** 8186,Active,JOD,2025-03-31
CARD008193,ACC008193,C005615,MASTERCARD,**** **** **** 8193,Active,JOD,2026-04-26
CARD008194,ACC008194,C005616,VISA,**** **** **** 8194,Active,JOD,2025-11-20
CARD008199,ACC008199,C005618,MASTERCARD,**** **** **** 8199,Active,JOD,2025-01-26
CARD008200,ACC008200,C005619,VISA,**** **** **** 8200,Active,JOD,2025-10-21
CARD008214,ACC008214,C005627,VISA,**** **** **** 8214,Active,JOD,2025-09-11
CARD008222,ACC008222,C005631,VISA,**** **** **** 8222,Closed,JOD,2025-12-08
CARD008227,ACC008227,C005633,MASTERCARD,**** **** **** 8227,Active,USD,2025-07-13
CARD008234,ACC008234,C005636,VISA,**** **** **** 8234,Active,JOD,2026-06-11
CARD008238,ACC008238,C005640,VISA,**** **** **** 8238,Active,JOD,2026-05-27
CARD008242,ACC008242,C005643,VISA,**** **** **** 8242,Active,JOD,2026-06-29
CARD008247,ACC008247,C005647,MASTERCARD,**** **** **** 8247,Active,JOD,2025-10-28
CARD008258,ACC008258,C005656,VISA,**** **** **** 8258,Active,JOD,2025-01-14
CARD008264,ACC008264,C005660,VISA,**** **** **** 8264,Active,JOD,2025-06-02
CARD008268,ACC008268,C005662,VISA,**** **** **** 8268,Active,JOD,2025-12-11
CARD008283,ACC008283,C005673,MASTERCARD,**** **** **** 8283,Closed,JOD,2025-02-16
CARD008300,ACC008300,C005683,VISA,**** **** **** 8300,Active,JOD,2026-05-10
CARD008310,ACC008310,C005694,VISA,**** **** **** 8310,Active,JOD,2026-01-21
CARD008319,ACC008319,C005703,MASTERCARD,**** **** **** 8319,Active,JOD,2026-04-12
CARD008332,ACC008332,C005712,VISA,**** **** **** 8332,Active,USD,2024-11-03
CARD008338,ACC008338,C005716,VISA,**** **** **** 8338,Blocked,JOD,2025-06-02
CARD008343,ACC008343,C005719,MASTERCARD,**** **** **** 8343,Active,USD,2025-07-08
CARD008349,ACC008349,C005722,MASTERCARD,**** **** **** 8349,Active,JOD,2026-01-12
CARD008368,ACC008368,C005734,VISA,**** **** **** 8368,Active,USD,2024-08-20
CARD008376,ACC008376,C005739,VISA,**** **** **** 8376,Dormant,USD,2024-08-04
CARD008380,ACC008380,C005742,VISA,**** **** **** 8380,Active,USD,2025-01-26
CARD008387,ACC008387,C005745,MASTERCARD,**** **** **** 8387,Active,USD,2025-08-12
CARD008399,ACC008399,C005752,MASTERCARD,**** **** **** 8399,Active,EUR,2024-01-04
CARD008425,ACC008425,C005772,MASTERCARD,**** **** **** 8425,Closed,JOD,2025-06-03
CARD008428,ACC008428,C005774,VISA,**** **** **** 8428,Active,JOD,2026-05-28
CARD008438,ACC008438,C005782,VISA,**** **** **** 8438,Active,JOD,2026-04-16
CARD008457,ACC008457,C005795,MASTERCARD,**** **** **** 8457,Active,JOD,2025-11-06
CARD008460,ACC008460,C005797,VISA,**** **** **** 8460,Active,JOD,2025-05-04
CARD008461,ACC008461,C005798,MASTERCARD,**** **** **** 8461,Dormant,JOD,2024-12-08
CARD008463,ACC008463,C005799,MASTERCARD,**** **** **** 8463,Active,JOD,2025-12-02
CARD008466,ACC008466,C005801,VISA,**** **** **** 8466,Active,JOD,2025-05-18
CARD008472,ACC008472,C005807,VISA,**** **** **** 8472,Active,USD,2025-09-01
CARD008481,ACC008481,C005812,MASTERCARD,**** **** **** 8481,Dormant,JOD,2023-10-08
CARD008497,ACC008497,C005823,MASTERCARD,**** **** **** 8497,Closed,JOD,2023-10-24
CARD008510,ACC008510,C005830,VISA,**** **** **** 8510,Active,JOD,2025-11-19
CARD008511,ACC008511,C005831,MASTERCARD,**** **** **** 8511,Active,JOD,2025-11-20
CARD008542,ACC008542,C005854,VISA,**** **** **** 8542,Active,JOD,2026-05-20
CARD008558,ACC008558,C005865,VISA,**** **** **** 8558,Dormant,JOD,2023-12-11
CARD008560,ACC008560,C005867,VISA,**** **** **** 8560,Active,JOD,2025-11-20
CARD008580,ACC008580,C005881,VISA,**** **** **** 8580,Dormant,USD,2026-03-09
CARD008582,ACC008582,C005882,VISA,**** **** **** 8582,Dormant,JOD,2023-10-19
CARD008599,ACC008599,C005891,MASTERCARD,**** **** **** 8599,Closed,JOD,2026-02-01
CARD008608,ACC008608,C005899,VISA,**** **** **** 8608,Active,EUR,2026-01-05
CARD008615,ACC008615,C005903,MASTERCARD,**** **** **** 8615,Active,JOD,2024-12-17
CARD008622,ACC008622,C005907,VISA,**** **** **** 8622,Active,JOD,2023-05-14
CARD008630,ACC008630,C005911,VISA,**** **** **** 8630,Active,JOD,2025-08-17
CARD008665,ACC008665,C005936,MASTERCARD,**** **** **** 8665,Active,USD,2025-01-20
CARD008669,ACC008669,C005939,MASTERCARD,**** **** **** 8669,Dormant,JOD,2024-12-12
CARD008679,ACC008679,C005945,MASTERCARD,**** **** **** 8679,Closed,EUR,2025-06-12
CARD008683,ACC008683,C005948,MASTERCARD,**** **** **** 8683,Active,JOD,2025-02-03
CARD008687,ACC008687,C005952,MASTERCARD,**** **** **** 8687,Active,EUR,2025-10-05
CARD008692,ACC008692,C005955,VISA,**** **** **** 8692,Closed,JOD,2026-02-18
CARD008696,ACC008696,C005957,VISA,**** **** **** 8696,Active,JOD,2026-05-04
CARD008712,ACC008712,C005973,VISA,**** **** **** 8712,Active,JOD,2025-01-12
CARD008726,ACC008726,C005983,VISA,**** **** **** 8726,Active,JOD,2025-11-02
CARD008734,ACC008734,C005989,VISA,**** **** **** 8734,Dormant,EUR,2025-08-18
CARD008738,ACC008738,C005992,VISA,**** **** **** 8738,Active,JOD,2026-03-19
CARD008743,ACC008743,C005997,MASTERCARD,**** **** **** 8743,Active,JOD,2023-10-04
CARD008746,ACC008746,C005998,VISA,**** **** **** 8746,Active,JOD,2025-09-14
CARD008748,ACC008748,C005999,VISA,**** **** **** 8748,Active,JOD,2025-10-19
CARD008756,ACC008756,C006007,VISA,**** **** **** 8756,Active,JOD,2026-03-22
CARD008770,ACC008770,C006018,VISA,**** **** **** 8770,Active,JOD,2025-07-15
CARD008772,ACC008772,C006020,VISA,**** **** **** 8772,Active,JOD,2025-09-07
CARD008809,ACC008809,C006045,MASTERCARD,**** **** **** 8809,Active,EUR,2025-11-10
CARD008829,ACC008829,C006058,MASTERCARD,**** **** **** 8829,Active,JOD,2024-03-31
CARD008830,ACC008830,C006059,VISA,**** **** **** 8830,Active,JOD,2025-09-10
CARD008858,ACC008858,C006077,VISA,**** **** **** 8858,Blocked,JOD,2025-07-02
CARD008865,ACC008865,C006083,MASTERCARD,**** **** **** 8865,Active,JOD,2023-11-12
CARD008887,ACC008887,C006096,MASTERCARD,**** **** **** 8887,Active,EUR,2026-03-02
CARD008893,ACC008893,C006100,MASTERCARD,**** **** **** 8893,Active,JOD,2024-07-09
CARD008924,ACC008924,C006119,VISA,**** **** **** 8924,Active,JOD,2025-09-09
CARD008928,ACC008928,C006122,VISA,**** **** **** 8928,Active,JOD,2026-03-01
CARD008961,ACC008961,C006145,MASTERCARD,**** **** **** 8961,Active,JOD,2025-05-25
CARD008973,ACC008973,C006155,MASTERCARD,**** **** **** 8973,Active,EUR,2025-01-28
CARD008977,ACC008977,C006157,MASTERCARD,**** **** **** 8977,Active,USD,2025-01-01
CARD008979,ACC008979,C006160,MASTERCARD,**** **** **** 8979,Active,EUR,2026-05-19
CARD008997,ACC008997,C006173,MASTERCARD,**** **** **** 8997,Blocked,USD,2025-07-27
CARD009011,ACC009011,C006182,MASTERCARD,**** **** **** 9011,Active,JOD,2026-03-24
CARD009020,ACC009020,C006188,VISA,**** **** **** 9020,Active,JOD,2026-02-05
CARD009025,ACC009025,C006191,MASTERCARD,**** **** **** 9025,Active,USD,2025-09-09
CARD009030,ACC009030,C006193,VISA,**** **** **** 9030,Blocked,JOD,2023-12-20
CARD009032,ACC009032,C006194,VISA,**** **** **** 9032,Closed,JOD,2026-06-22
CARD009075,ACC009075,C006225,MASTERCARD,**** **** **** 9075,Active,USD,2025-04-17
CARD009079,ACC009079,C006228,MASTERCARD,**** **** **** 9079,Active,USD,2025-05-27
CARD009083,ACC009083,C006232,MASTERCARD,**** **** **** 9083,Active,JOD,2025-05-04
CARD009087,ACC009087,C006234,MASTERCARD,**** **** **** 9087,Active,USD,2025-11-02
CARD009092,ACC009092,C006237,VISA,**** **** **** 9092,Active,JOD,2025-12-10
CARD009096,ACC009096,C006239,VISA,**** **** **** 9096,Active,JOD,2025-01-06
CARD009106,ACC009106,C006245,VISA,**** **** **** 9106,Closed,USD,2025-10-06
CARD009112,ACC009112,C006250,VISA,**** **** **** 9112,Active,JOD,2026-02-03
CARD009119,ACC009119,C006254,MASTERCARD,**** **** **** 9119,Active,JOD,2025-08-12
CARD009122,ACC009122,C006255,VISA,**** **** **** 9122,Active,JOD,2025-08-10
CARD009144,ACC009144,C006270,VISA,**** **** **** 9144,Active,JOD,2025-12-14
CARD009157,ACC009157,C006278,MASTERCARD,**** **** **** 9157,Active,EUR,2025-08-17
CARD009163,ACC009163,C006283,MASTERCARD,**** **** **** 9163,Active,USD,2026-02-02
CARD009166,ACC009166,C006284,VISA,**** **** **** 9166,Active,JOD,2024-02-05
CARD009173,ACC009173,C006289,MASTERCARD,**** **** **** 9173,Dormant,JOD,2026-02-22
CARD009209,ACC009209,C006312,MASTERCARD,**** **** **** 9209,Active,EUR,2023-12-12
CARD009219,ACC009219,C006320,MASTERCARD,**** **** **** 9219,Active,JOD,2026-04-21
CARD009230,ACC009230,C006326,VISA,**** **** **** 9230,Active,EUR,2024-03-14
CARD009237,ACC009237,C006330,MASTERCARD,**** **** **** 9237,Active,JOD,2026-06-11
CARD009242,ACC009242,C006332,VISA,**** **** **** 9242,Active,JOD,2026-04-20
CARD009245,ACC009245,C006333,MASTERCARD,**** **** **** 9245,Active,JOD,2025-07-06
CARD009246,ACC009246,C006334,VISA,**** **** **** 9246,Active,USD,2023-12-17
CARD009254,ACC009254,C006338,VISA,**** **** **** 9254,Blocked,JOD,2025-03-16
CARD009269,ACC009269,C006348,MASTERCARD,**** **** **** 9269,Active,JOD,2024-10-30
CARD009293,ACC009293,C006362,MASTERCARD,**** **** **** 9293,Blocked,JOD,2025-07-13
CARD009299,ACC009299,C006366,MASTERCARD,**** **** **** 9299,Active,JOD,2026-04-05
CARD009302,ACC009302,C006369,VISA,**** **** **** 9302,Active,JOD,2026-01-20
CARD009318,ACC009318,C006380,VISA,**** **** **** 9318,Active,JOD,2024-07-25
CARD009327,ACC009327,C006386,MASTERCARD,**** **** **** 9327,Active,USD,2024-07-23
CARD009345,ACC009345,C006399,MASTERCARD,**** **** **** 9345,Active,JOD,2024-10-23
CARD009350,ACC009350,C006403,VISA,**** **** **** 9350,Active,JOD,2025-09-07
CARD009363,ACC009363,C006412,MASTERCARD,**** **** **** 9363,Dormant,JOD,2025-11-02
CARD009369,ACC009369,C006415,MASTERCARD,**** **** **** 9369,Active,USD,2026-06-01
CARD009372,ACC009372,C006416,VISA,**** **** **** 9372,Active,USD,2026-01-18
CARD009373,ACC009373,C006417,MASTERCARD,**** **** **** 9373,Active,JOD,2025-04-09
CARD009393,ACC009393,C006432,MASTERCARD,**** **** **** 9393,Active,JOD,2025-03-30
CARD009409,ACC009409,C006442,MASTERCARD,**** **** **** 9409,Active,EUR,2026-02-15
CARD009411,ACC009411,C006443,MASTERCARD,**** **** **** 9411,Active,JOD,2026-03-11
CARD009417,ACC009417,C006446,MASTERCARD,**** **** **** 9417,Blocked,JOD,2024-04-04
CARD009438,ACC009438,C006463,VISA,**** **** **** 9438,Active,USD,2025-09-24
CARD009444,ACC009444,C006467,VISA,**** **** **** 9444,Active,JOD,2025-05-11
CARD009453,ACC009453,C006474,MASTERCARD,**** **** **** 9453,Active,JOD,2024-10-20
CARD009471,ACC009471,C006488,MASTERCARD,**** **** **** 9471,Active,JOD,2026-04-08
CARD009503,ACC009503,C006508,MASTERCARD,**** **** **** 9503,Closed,JOD,2025-08-17
CARD009507,ACC009507,C006511,MASTERCARD,**** **** **** 9507,Active,JOD,2026-06-11
CARD009519,ACC009519,C006519,MASTERCARD,**** **** **** 9519,Active,JOD,2025-04-29
CARD009526,ACC009526,C006524,VISA,**** **** **** 9526,Active,JOD,2026-03-02
CARD009561,ACC009561,C006546,MASTERCARD,**** **** **** 9561,Active,JOD,2025-07-13
CARD009565,ACC009565,C006549,MASTERCARD,**** **** **** 9565,Active,JOD,2026-01-12
CARD009566,ACC009566,C006550,VISA,**** **** **** 9566,Active,JOD,2025-12-28
CARD009581,ACC009581,C006559,MASTERCARD,**** **** **** 9581,Active,JOD,2026-04-06
CARD009584,ACC009584,C006562,VISA,**** **** **** 9584,Active,JOD,2023-09-04
CARD009594,ACC009594,C006568,VISA,**** **** **** 9594,Active,JOD,2025-08-03
CARD009597,ACC009597,C006569,MASTERCARD,**** **** **** 9597,Active,JOD,2024-08-04
CARD009605,ACC009605,C006577,MASTERCARD,**** **** **** 9605,Dormant,JOD,2025-06-17
CARD009616,ACC009616,C006587,VISA,**** **** **** 9616,Dormant,JOD,2025-01-15
CARD009622,ACC009622,C006591,VISA,**** **** **** 9622,Active,JOD,2026-05-17
CARD009641,ACC009641,C006604,MASTERCARD,**** **** **** 9641,Active,JOD,2025-05-07
CARD009642,ACC009642,C006605,VISA,**** **** **** 9642,Active,USD,2026-01-11
CARD009655,ACC009655,C006613,MASTERCARD,**** **** **** 9655,Active,EUR,2025-09-30
CARD009668,ACC009668,C006620,VISA,**** **** **** 9668,Active,JOD,2026-03-22
CARD009674,ACC009674,C006623,VISA,**** **** **** 9674,Blocked,JOD,2025-02-09
CARD009695,ACC009695,C006636,MASTERCARD,**** **** **** 9695,Active,JOD,2025-08-07
CARD009696,ACC009696,C006637,VISA,**** **** **** 9696,Active,JOD,2024-06-18
CARD009706,ACC009706,C006643,VISA,**** **** **** 9706,Dormant,EUR,2025-08-25
CARD009731,ACC009731,C006658,MASTERCARD,**** **** **** 9731,Dormant,JOD,2025-10-19
CARD009740,ACC009740,C006666,VISA,**** **** **** 9740,Active,JOD,2025-11-02
CARD009755,ACC009755,C006675,MASTERCARD,**** **** **** 9755,Active,JOD,2026-02-22
CARD009756,ACC009756,C006676,VISA,**** **** **** 9756,Active,JOD,2025-11-02
CARD009760,ACC009760,C006677,VISA,**** **** **** 9760,Active,JOD,2024-08-26
CARD009763,ACC009763,C006680,MASTERCARD,**** **** **** 9763,Active,JOD,2025-11-23
CARD009821,ACC009821,C006721,MASTERCARD,**** **** **** 9821,Active,JOD,2026-03-31
CARD009855,ACC009855,C006746,MASTERCARD,**** **** **** 9855,Active,JOD,2025-05-21
CARD009867,ACC009867,C006752,MASTERCARD,**** **** **** 9867,Active,USD,2026-04-23
CARD009868,ACC009868,C006753,VISA,**** **** **** 9868,Active,JOD,2026-03-12
CARD009886,ACC009886,C006765,VISA,**** **** **** 9886,Active,JOD,2026-05-03
CARD009896,ACC009896,C006771,VISA,**** **** **** 9896,Active,JOD,2026-03-10
CARD009928,ACC009928,C006792,VISA,**** **** **** 9928,Active,JOD,2025-09-14
CARD009936,ACC009936,C006798,VISA,**** **** **** 9936,Dormant,JOD,2025-10-30
CARD009961,ACC009961,C006815,MASTERCARD,**** **** **** 9961,Active,JOD,2024-10-29
CARD009964,ACC009964,C006816,VISA,**** **** **** 9964,Dormant,JOD,2026-03-30
CARD009973,ACC009973,C006825,MASTERCARD,**** **** **** 9973,Active,JOD,2026-04-19
CARD009979,ACC009979,C006827,MASTERCARD,**** **** **** 9979,Active,USD,2025-12-01
CARD010031,ACC010031,C006870,MASTERCARD,**** **** **** 0031,Active,JOD,2025-11-27
CARD010036,ACC010036,C006873,VISA,**** **** **** 0036,Dormant,JOD,2025-10-29
CARD010043,ACC010043,C006876,MASTERCARD,**** **** **** 0043,Active,JOD,2023-10-10
CARD010094,ACC010094,C006914,VISA,**** **** **** 0094,Active,USD,2025-03-23
CARD010105,ACC010105,C006923,MASTERCARD,**** **** **** 0105,Active,USD,2025-10-29
CARD010110,ACC010110,C006925,VISA,**** **** **** 0110,Active,JOD,2026-06-10
CARD010126,ACC010126,C006935,VISA,**** **** **** 0126,Closed,USD,2026-01-19
CARD010129,ACC010129,C006937,MASTERCARD,**** **** **** 0129,Active,JOD,2025-07-27
CARD010137,ACC010137,C006941,MASTERCARD,**** **** **** 0137,Active,JOD,2025-12-14
CARD010139,ACC010139,C006942,MASTERCARD,**** **** **** 0139,Dormant,JOD,2025-04-30
CARD010152,ACC010152,C006952,VISA,**** **** **** 0152,Active,JOD,2025-05-21
CARD010180,ACC010180,C006973,VISA,**** **** **** 0180,Active,JOD,2026-03-25
CARD010183,ACC010183,C006975,MASTERCARD,**** **** **** 0183,Active,JOD,2024-09-30
CARD010210,ACC010210,C006995,VISA,**** **** **** 0210,Active,USD,2025-07-24
CARD010233,ACC010233,C007013,MASTERCARD,**** **** **** 0233,Active,JOD,2026-03-16
CARD010247,ACC010247,C007023,MASTERCARD,**** **** **** 0247,Dormant,JOD,2026-02-03
CARD010255,ACC010255,C007029,MASTERCARD,**** **** **** 0255,Closed,USD,2024-12-01
CARD010268,ACC010268,C007036,VISA,**** **** **** 0268,Dormant,JOD,2025-12-14
CARD010270,ACC010270,C007037,VISA,**** **** **** 0270,Active,JOD,2025-07-15
CARD010280,ACC010280,C007043,VISA,**** **** **** 0280,Dormant,JOD,2025-04-06
CARD010282,ACC010282,C007045,VISA,**** **** **** 0282,Closed,JOD,2024-09-04
CARD010288,ACC010288,C007049,VISA,**** **** **** 0288,Active,JOD,2024-12-01
CARD010292,ACC010292,C007052,VISA,**** **** **** 0292,Active,JOD,2024-09-22
CARD010296,ACC010296,C007056,VISA,**** **** **** 0296,Dormant,JOD,2026-02-22
CARD010315,ACC010315,C007069,MASTERCARD,**** **** **** 0315,Active,JOD,2025-06-29
CARD010339,ACC010339,C007086,MASTERCARD,**** **** **** 0339,Active,EUR,2025-10-26
CARD010379,ACC010379,C007113,MASTERCARD,**** **** **** 0379,Active,JOD,2026-03-02
CARD010391,ACC010391,C007121,MASTERCARD,**** **** **** 0391,Closed,USD,2024-02-06
CARD010410,ACC010410,C007136,VISA,**** **** **** 0410,Closed,JOD,2025-10-21
CARD010423,ACC010423,C007145,MASTERCARD,**** **** **** 0423,Active,JOD,2025-06-15
CARD010446,ACC010446,C007159,VISA,**** **** **** 0446,Active,JOD,2024-07-21
CARD010472,ACC010472,C007176,VISA,**** **** **** 0472,Active,JOD,2025-12-18
CARD010476,ACC010476,C007179,VISA,**** **** **** 0476,Active,EUR,2025-12-03
CARD010479,ACC010479,C007180,MASTERCARD,**** **** **** 0479,Active,JOD,2026-05-18
CARD010486,ACC010486,C007183,VISA,**** **** **** 0486,Active,JOD,2025-10-14
CARD010502,ACC010502,C007195,VISA,**** **** **** 0502,Active,JOD,2023-11-22
CARD010505,ACC010505,C007197,MASTERCARD,**** **** **** 0505,Active,JOD,2026-06-21
CARD010531,ACC010531,C007218,MASTERCARD,**** **** **** 0531,Active,JOD,2024-04-28
CARD010546,ACC010546,C007228,VISA,**** **** **** 0546,Active,JOD,2026-05-24
CARD010550,ACC010550,C007231,VISA,**** **** **** 0550,Active,JOD,2025-10-26
CARD010564,ACC010564,C007242,VISA,**** **** **** 0564,Blocked,JOD,2026-01-20
CARD010573,ACC010573,C007248,MASTERCARD,**** **** **** 0573,Closed,EUR,2026-05-17
CARD010592,ACC010592,C007262,VISA,**** **** **** 0592,Active,JOD,2025-11-16
CARD010595,ACC010595,C007264,MASTERCARD,**** **** **** 0595,Closed,JOD,2026-03-08
CARD010608,ACC010608,C007269,VISA,**** **** **** 0608,Closed,JOD,2024-12-18
CARD010610,ACC010610,C007271,VISA,**** **** **** 0610,Active,JOD,2024-11-20
CARD010621,ACC010621,C007279,MASTERCARD,**** **** **** 0621,Closed,JOD,2025-02-09
CARD010641,ACC010641,C007291,MASTERCARD,**** **** **** 0641,Active,JOD,2026-01-04
CARD010649,ACC010649,C007297,MASTERCARD,**** **** **** 0649,Active,JOD,2024-05-23
CARD010664,ACC010664,C007309,VISA,**** **** **** 0664,Dormant,USD,2026-01-04
CARD010674,ACC010674,C007317,VISA,**** **** **** 0674,Active,JOD,2025-06-08
CARD010678,ACC010678,C007319,VISA,**** **** **** 0678,Active,EUR,2026-01-04
CARD010681,ACC010681,C007321,MASTERCARD,**** **** **** 0681,Active,JOD,2025-02-10
CARD010697,ACC010697,C007330,MASTERCARD,**** **** **** 0697,Active,JOD,2025-08-27
CARD010724,ACC010724,C007350,VISA,**** **** **** 0724,Active,JOD,2026-02-15
CARD010727,ACC010727,C007352,MASTERCARD,**** **** **** 0727,Dormant,JOD,2026-06-23
CARD010741,ACC010741,C007359,MASTERCARD,**** **** **** 0741,Active,JOD,2025-06-03
CARD010768,ACC010768,C007379,VISA,**** **** **** 0768,Active,JOD,2026-03-24
CARD010771,ACC010771,C007382,MASTERCARD,**** **** **** 0771,Active,JOD,2024-11-10
CARD010772,ACC010772,C007383,VISA,**** **** **** 0772,Active,USD,2026-06-14
CARD010780,ACC010780,C007388,VISA,**** **** **** 0780,Active,EUR,2026-02-16
CARD010791,ACC010791,C007393,MASTERCARD,**** **** **** 0791,Active,JOD,2025-08-31
CARD010797,ACC010797,C007399,MASTERCARD,**** **** **** 0797,Active,JOD,2026-03-10
CARD010820,ACC010820,C007415,VISA,**** **** **** 0820,Active,JOD,2026-04-06
CARD010829,ACC010829,C007425,MASTERCARD,**** **** **** 0829,Active,JOD,2024-06-02
CARD010835,ACC010835,C007429,MASTERCARD,**** **** **** 0835,Active,JOD,2026-03-31
CARD010838,ACC010838,C007431,VISA,**** **** **** 0838,Active,JOD,2025-03-17
CARD010870,ACC010870,C007456,VISA,**** **** **** 0870,Active,USD,2023-07-30
CARD010917,ACC010917,C007490,MASTERCARD,**** **** **** 0917,Active,JOD,2025-09-14
CARD010941,ACC010941,C007507,MASTERCARD,**** **** **** 0941,Active,JOD,2026-01-07
CARD010944,ACC010944,C007508,VISA,**** **** **** 0944,Active,JOD,2025-02-26
CARD010947,ACC010947,C007510,MASTERCARD,**** **** **** 0947,Active,JOD,2025-12-07
CARD010971,ACC010971,C007526,MASTERCARD,**** **** **** 0971,Active,JOD,2025-06-10
CARD011004,ACC011004,C007551,VISA,**** **** **** 1004,Active,JOD,2025-12-10
CARD011013,ACC011013,C007555,MASTERCARD,**** **** **** 1013,Dormant,JOD,2024-09-24
CARD011017,ACC011017,C007559,MASTERCARD,**** **** **** 1017,Active,JOD,2024-06-23
CARD011021,ACC011021,C007561,MASTERCARD,**** **** **** 1021,Active,JOD,2025-12-17
CARD011035,ACC011035,C007572,MASTERCARD,**** **** **** 1035,Active,JOD,2024-09-19
CARD011054,ACC011054,C007589,VISA,**** **** **** 1054,Active,JOD,2026-02-01
CARD011058,ACC011058,C007592,VISA,**** **** **** 1058,Active,USD,2026-03-11
CARD011059,ACC011059,C007593,MASTERCARD,**** **** **** 1059,Active,JOD,2024-02-25
CARD011073,ACC011073,C007600,MASTERCARD,**** **** **** 1073,Active,JOD,2025-11-17
CARD011079,ACC011079,C007604,MASTERCARD,**** **** **** 1079,Dormant,JOD,2023-11-27
CARD011094,ACC011094,C007614,VISA,**** **** **** 1094,Active,JOD,2026-04-26
CARD011103,ACC011103,C007621,MASTERCARD,**** **** **** 1103,Active,EUR,2023-10-01
CARD011111,ACC011111,C007626,MASTERCARD,**** **** **** 1111,Active,JOD,2024-11-24
CARD011136,ACC011136,C007646,VISA,**** **** **** 1136,Active,JOD,2026-04-08
CARD011147,ACC011147,C007654,MASTERCARD,**** **** **** 1147,Active,JOD,2026-05-03
CARD011153,ACC011153,C007658,MASTERCARD,**** **** **** 1153,Active,USD,2026-03-01
CARD011155,ACC011155,C007659,MASTERCARD,**** **** **** 1155,Active,JOD,2025-12-14
CARD011157,ACC011157,C007661,MASTERCARD,**** **** **** 1157,Active,USD,2026-05-10
CARD011180,ACC011180,C007674,VISA,**** **** **** 1180,Dormant,JOD,2024-07-18
CARD011195,ACC011195,C007686,MASTERCARD,**** **** **** 1195,Active,JOD,2025-03-23
CARD011198,ACC011198,C007687,VISA,**** **** **** 1198,Active,JOD,2025-05-14
CARD011205,ACC011205,C007693,MASTERCARD,**** **** **** 1205,Active,JOD,2026-04-06
CARD011208,ACC011208,C007694,VISA,**** **** **** 1208,Active,JOD,2025-12-14
CARD011219,ACC011219,C007699,MASTERCARD,**** **** **** 1219,Active,JOD,2025-08-18
CARD011220,ACC011220,C007700,VISA,**** **** **** 1220,Active,JOD,2025-12-25
CARD011225,ACC011225,C007704,MASTERCARD,**** **** **** 1225,Active,JOD,2025-02-11
CARD011232,ACC011232,C007709,VISA,**** **** **** 1232,Active,JOD,2025-06-08
CARD011236,ACC011236,C007711,VISA,**** **** **** 1236,Active,USD,2025-08-03
CARD011237,ACC011237,C007712,MASTERCARD,**** **** **** 1237,Active,JOD,2026-01-12
CARD011239,ACC011239,C007713,MASTERCARD,**** **** **** 1239,Active,USD,2025-11-06
CARD011242,ACC011242,C007714,VISA,**** **** **** 1242,Active,USD,2026-04-13
CARD011273,ACC011273,C007738,MASTERCARD,**** **** **** 1273,Active,USD,2026-05-31
CARD011281,ACC011281,C007742,MASTERCARD,**** **** **** 1281,Active,JOD,2026-06-14
CARD011285,ACC011285,C007743,MASTERCARD,**** **** **** 1285,Active,JOD,2024-12-01
CARD011309,ACC011309,C007760,MASTERCARD,**** **** **** 1309,Active,JOD,2024-11-28
CARD011312,ACC011312,C007761,VISA,**** **** **** 1312,Active,USD,2025-03-18
CARD011315,ACC011315,C007762,MASTERCARD,**** **** **** 1315,Active,JOD,2024-11-17
CARD011330,ACC011330,C007776,VISA,**** **** **** 1330,Active,JOD,2025-09-14
CARD011343,ACC011343,C007783,MASTERCARD,**** **** **** 1343,Active,JOD,2025-10-29
CARD011346,ACC011346,C007785,VISA,**** **** **** 1346,Active,JOD,2026-03-18
CARD011357,ACC011357,C007790,MASTERCARD,**** **** **** 1357,Closed,EUR,2025-05-18
CARD011372,ACC011372,C007799,VISA,**** **** **** 1372,Active,EUR,2023-08-03
CARD011376,ACC011376,C007802,VISA,**** **** **** 1376,Dormant,JOD,2025-08-17
CARD011380,ACC011380,C007804,VISA,**** **** **** 1380,Active,JOD,2025-01-12
CARD011381,ACC011381,C007805,MASTERCARD,**** **** **** 1381,Active,JOD,2025-11-25
CARD011392,ACC011392,C007814,VISA,**** **** **** 1392,Active,JOD,2025-10-26
CARD011409,ACC011409,C007829,MASTERCARD,**** **** **** 1409,Active,JOD,2026-04-19
CARD011424,ACC011424,C007840,VISA,**** **** **** 1424,Active,JOD,2026-03-04
CARD011429,ACC011429,C007843,MASTERCARD,**** **** **** 1429,Active,JOD,2024-06-12
CARD011433,ACC011433,C007846,MASTERCARD,**** **** **** 1433,Active,JOD,2025-07-21
CARD011453,ACC011453,C007858,MASTERCARD,**** **** **** 1453,Active,JOD,2025-06-15
CARD011486,ACC011486,C007885,VISA,**** **** **** 1486,Active,JOD,2024-09-22
CARD011489,ACC011489,C007886,MASTERCARD,**** **** **** 1489,Active,JOD,2025-12-24
CARD011493,ACC011493,C007890,MASTERCARD,**** **** **** 1493,Closed,JOD,2025-07-23
CARD011500,ACC011500,C007897,VISA,**** **** **** 1500,Active,JOD,2025-05-28
CARD011509,ACC011509,C007901,MASTERCARD,**** **** **** 1509,Active,USD,2026-06-02
CARD011541,ACC011541,C007925,MASTERCARD,**** **** **** 1541,Closed,JOD,2025-05-18
CARD011558,ACC011558,C007938,VISA,**** **** **** 1558,Active,JOD,2025-03-25
CARD011570,ACC011570,C007945,VISA,**** **** **** 1570,Active,USD,2025-05-18
CARD011573,ACC011573,C007946,MASTERCARD,**** **** **** 1573,Active,JOD,2026-05-17
CARD011576,ACC011576,C007949,VISA,**** **** **** 1576,Active,USD,2026-03-04
CARD011578,ACC011578,C007950,VISA,**** **** **** 1578,Dormant,JOD,2025-08-10
CARD011601,ACC011601,C007963,MASTERCARD,**** **** **** 1601,Active,JOD,2024-08-12
CARD011609,ACC011609,C007969,MASTERCARD,**** **** **** 1609,Closed,JOD,2025-06-26
CARD011612,ACC011612,C007972,VISA,**** **** **** 1612,Closed,USD,2026-02-09
CARD011614,ACC011614,C007973,VISA,**** **** **** 1614,Active,JOD,2025-11-26
CARD011618,ACC011618,C007974,VISA,**** **** **** 1618,Active,JOD,2026-04-19
CARD011623,ACC011623,C007978,MASTERCARD,**** **** **** 1623,Active,JOD,2025-04-22
CARD011631,ACC011631,C007981,MASTERCARD,**** **** **** 1631,Dormant,JOD,2024-05-19
CARD011636,ACC011636,C007984,VISA,**** **** **** 1636,Active,JOD,2025-09-10
CARD011640,ACC011640,C007988,VISA,**** **** **** 1640,Active,JOD,2025-12-10
CARD011644,ACC011644,C007991,VISA,**** **** **** 1644,Active,JOD,2023-05-23
CARD011654,ACC011654,C007997,VISA,**** **** **** 1654,Active,JOD,2026-01-11
CARD011656,ACC011656,C007998,VISA,**** **** **** 1656,Active,JOD,2025-07-15
CARD011677,ACC011677,C008013,MASTERCARD,**** **** **** 1677,Active,JOD,2025-04-01
CARD011699,ACC011699,C008033,MASTERCARD,**** **** **** 1699,Active,JOD,2025-11-25
CARD011713,ACC011713,C008043,MASTERCARD,**** **** **** 1713,Active,USD,2025-05-07
CARD011720,ACC011720,C008048,VISA,**** **** **** 1720,Closed,JOD,2024-03-13
CARD011736,ACC011736,C008061,VISA,**** **** **** 1736,Active,EUR,2025-12-14
CARD011744,ACC011744,C008066,VISA,**** **** **** 1744,Active,USD,2025-12-28
CARD011751,ACC011751,C008072,MASTERCARD,**** **** **** 1751,Active,JOD,2025-11-10
CARD011782,ACC011782,C008095,VISA,**** **** **** 1782,Active,USD,2023-08-14
CARD011793,ACC011793,C008103,MASTERCARD,**** **** **** 1793,Active,USD,2026-03-10
CARD011820,ACC011820,C008123,VISA,**** **** **** 1820,Active,JOD,2025-07-14
CARD011826,ACC011826,C008127,VISA,**** **** **** 1826,Active,USD,2026-04-26
CARD011853,ACC011853,C008150,MASTERCARD,**** **** **** 1853,Dormant,USD,2025-04-06
CARD011864,ACC011864,C008157,VISA,**** **** **** 1864,Active,JOD,2025-07-30
CARD011892,ACC011892,C008177,VISA,**** **** **** 1892,Active,USD,2025-01-26
CARD011898,ACC011898,C008181,VISA,**** **** **** 1898,Active,JOD,2026-03-12
CARD011904,ACC011904,C008185,VISA,**** **** **** 1904,Active,JOD,2025-03-30
CARD011909,ACC011909,C008189,MASTERCARD,**** **** **** 1909,Active,JOD,2023-06-25
CARD011924,ACC011924,C008197,VISA,**** **** **** 1924,Active,JOD,2026-05-12
CARD011938,ACC011938,C008208,VISA,**** **** **** 1938,Active,JOD,2025-02-05
CARD011975,ACC011975,C008236,MASTERCARD,**** **** **** 1975,Active,EUR,2026-04-02
CARD012019,ACC012019,C008268,MASTERCARD,**** **** **** 2019,Active,JOD,2023-06-15
CARD012020,ACC012020,C008269,VISA,**** **** **** 2020,Active,JOD,2026-04-27
CARD012039,ACC012039,C008284,MASTERCARD,**** **** **** 2039,Active,JOD,2024-12-31
CARD012047,ACC012047,C008290,MASTERCARD,**** **** **** 2047,Active,JOD,2025-05-29
CARD012057,ACC012057,C008298,MASTERCARD,**** **** **** 2057,Active,EUR,2025-11-13
CARD012064,ACC012064,C008304,VISA,**** **** **** 2064,Dormant,JOD,2026-01-13
CARD012070,ACC012070,C008307,VISA,**** **** **** 2070,Active,JOD,2026-02-04
CARD012077,ACC012077,C008313,MASTERCARD,**** **** **** 2077,Active,USD,2025-06-22
CARD012109,ACC012109,C008333,MASTERCARD,**** **** **** 2109,Active,JOD,2025-05-01
CARD012112,ACC012112,C008334,VISA,**** **** **** 2112,Active,JOD,2025-07-31
CARD012125,ACC012125,C008342,MASTERCARD,**** **** **** 2125,Active,JOD,2025-11-19
CARD012149,ACC012149,C008361,MASTERCARD,**** **** **** 2149,Active,JOD,2025-12-08
CARD012164,ACC012164,C008371,VISA,**** **** **** 2164,Active,JOD,2026-01-04
CARD012204,ACC012204,C008401,VISA,**** **** **** 2204,Active,JOD,2026-01-18
CARD012206,ACC012206,C008403,VISA,**** **** **** 2206,Active,JOD,2025-09-02
CARD012221,ACC012221,C008413,MASTERCARD,**** **** **** 2221,Active,JOD,2026-04-19
CARD012226,ACC012226,C008416,VISA,**** **** **** 2226,Closed,USD,2026-03-22
CARD012227,ACC012227,C008417,MASTERCARD,**** **** **** 2227,Closed,JOD,2024-08-06
CARD012236,ACC012236,C008421,VISA,**** **** **** 2236,Active,USD,2025-06-04
CARD012249,ACC012249,C008432,MASTERCARD,**** **** **** 2249,Active,JOD,2025-08-12
CARD012253,ACC012253,C008435,MASTERCARD,**** **** **** 2253,Closed,JOD,2025-09-21
CARD012262,ACC012262,C008442,VISA,**** **** **** 2262,Active,USD,2025-06-22
CARD012274,ACC012274,C008450,VISA,**** **** **** 2274,Active,JOD,2025-11-11
CARD012289,ACC012289,C008463,MASTERCARD,**** **** **** 2289,Dormant,JOD,2024-09-04
CARD012294,ACC012294,C008465,VISA,**** **** **** 2294,Active,JOD,2026-01-04
CARD012314,ACC012314,C008478,VISA,**** **** **** 2314,Active,USD,2025-12-04
CARD012323,ACC012323,C008484,MASTERCARD,**** **** **** 2323,Active,JOD,2026-02-10
CARD012325,ACC012325,C008485,MASTERCARD,**** **** **** 2325,Active,USD,2025-10-07
CARD012333,ACC012333,C008490,MASTERCARD,**** **** **** 2333,Active,JOD,2025-10-22
CARD012334,ACC012334,C008491,VISA,**** **** **** 2334,Active,JOD,2025-02-16
CARD012339,ACC012339,C008494,MASTERCARD,**** **** **** 2339,Active,USD,2025-08-18
CARD012350,ACC012350,C008500,VISA,**** **** **** 2350,Active,JOD,2026-04-15
CARD012373,ACC012373,C008517,MASTERCARD,**** **** **** 2373,Active,JOD,2026-05-24
CARD012376,ACC012376,C008519,VISA,**** **** **** 2376,Active,USD,2026-02-22
CARD012387,ACC012387,C008530,MASTERCARD,**** **** **** 2387,Dormant,JOD,2025-10-27
CARD012392,ACC012392,C008535,VISA,**** **** **** 2392,Active,JOD,2026-03-08
CARD012398,ACC012398,C008539,VISA,**** **** **** 2398,Active,JOD,2025-03-06
CARD012402,ACC012402,C008541,VISA,**** **** **** 2402,Active,JOD,2025-07-06
CARD012415,ACC012415,C008552,MASTERCARD,**** **** **** 2415,Active,JOD,2024-09-24
CARD012432,ACC012432,C008563,VISA,**** **** **** 2432,Active,JOD,2025-11-09
CARD012446,ACC012446,C008572,VISA,**** **** **** 2446,Active,JOD,2023-11-01
CARD012456,ACC012456,C008579,VISA,**** **** **** 2456,Active,JOD,2026-02-05
CARD012467,ACC012467,C008586,MASTERCARD,**** **** **** 2467,Blocked,JOD,2024-10-06
CARD012485,ACC012485,C008596,MASTERCARD,**** **** **** 2485,Active,JOD,2025-08-10
CARD012504,ACC012504,C008606,VISA,**** **** **** 2504,Active,JOD,2025-05-26
CARD012516,ACC012516,C008614,VISA,**** **** **** 2516,Active,EUR,2024-11-17
CARD012518,ACC012518,C008615,VISA,**** **** **** 2518,Active,JOD,2026-06-23
CARD012521,ACC012521,C008616,MASTERCARD,**** **** **** 2521,Active,USD,2025-11-12
CARD012522,ACC012522,C008617,VISA,**** **** **** 2522,Active,JOD,2025-03-09
CARD012535,ACC012535,C008627,MASTERCARD,**** **** **** 2535,Active,JOD,2026-03-30
CARD012542,ACC012542,C008632,VISA,**** **** **** 2542,Active,EUR,2025-12-30
CARD012578,ACC012578,C008660,VISA,**** **** **** 2578,Active,JOD,2026-01-15
CARD012585,ACC012585,C008667,MASTERCARD,**** **** **** 2585,Active,JOD,2025-10-14
CARD012587,ACC012587,C008669,MASTERCARD,**** **** **** 2587,Active,JOD,2024-11-18
CARD012594,ACC012594,C008674,VISA,**** **** **** 2594,Active,JOD,2025-09-03
CARD012624,ACC012624,C008695,VISA,**** **** **** 2624,Active,JOD,2024-11-26
CARD012655,ACC012655,C008718,MASTERCARD,**** **** **** 2655,Active,JOD,2025-10-05
CARD012673,ACC012673,C008727,MASTERCARD,**** **** **** 2673,Dormant,JOD,2024-06-02
CARD012676,ACC012676,C008729,VISA,**** **** **** 2676,Active,JOD,2025-12-11
CARD012683,ACC012683,C008733,MASTERCARD,**** **** **** 2683,Active,JOD,2025-09-14
CARD012688,ACC012688,C008738,VISA,**** **** **** 2688,Active,JOD,2026-04-12
CARD012704,ACC012704,C008747,VISA,**** **** **** 2704,Active,JOD,2024-07-28
CARD012710,ACC012710,C008752,VISA,**** **** **** 2710,Active,JOD,2023-08-06
CARD012719,ACC012719,C008758,MASTERCARD,**** **** **** 2719,Active,USD,2026-01-26
CARD012729,ACC012729,C008764,MASTERCARD,**** **** **** 2729,Active,JOD,2024-10-13
CARD012733,ACC012733,C008769,MASTERCARD,**** **** **** 2733,Active,JOD,2026-01-25
CARD012737,ACC012737,C008772,MASTERCARD,**** **** **** 2737,Active,JOD,2024-08-11
CARD012741,ACC012741,C008773,MASTERCARD,**** **** **** 2741,Active,JOD,2025-12-03
CARD012764,ACC012764,C008787,VISA,**** **** **** 2764,Active,JOD,2026-02-02
CARD012796,ACC012796,C008810,VISA,**** **** **** 2796,Active,EUR,2025-11-30
CARD012800,ACC012800,C008812,VISA,**** **** **** 2800,Active,USD,2025-10-28
CARD012808,ACC012808,C008819,VISA,**** **** **** 2808,Active,USD,2025-10-26
CARD012814,ACC012814,C008823,VISA,**** **** **** 2814,Active,JOD,2026-02-09
CARD012819,ACC012819,C008826,MASTERCARD,**** **** **** 2819,Active,JOD,2025-09-15
CARD012822,ACC012822,C008827,VISA,**** **** **** 2822,Dormant,JOD,2025-12-28
CARD012830,ACC012830,C008832,VISA,**** **** **** 2830,Active,JOD,2025-11-26
CARD012860,ACC012860,C008854,VISA,**** **** **** 2860,Active,USD,2025-04-06
CARD012872,ACC012872,C008862,VISA,**** **** **** 2872,Active,USD,2025-04-22
CARD012878,ACC012878,C008867,VISA,**** **** **** 2878,Active,JOD,2026-03-01
CARD012882,ACC012882,C008870,VISA,**** **** **** 2882,Active,JOD,2025-07-20
CARD012899,ACC012899,C008881,MASTERCARD,**** **** **** 2899,Active,USD,2026-01-18
CARD012932,ACC012932,C008901,VISA,**** **** **** 2932,Active,EUR,2026-02-08
CARD012936,ACC012936,C008903,VISA,**** **** **** 2936,Active,JOD,2025-10-06
CARD012939,ACC012939,C008906,MASTERCARD,**** **** **** 2939,Active,JOD,2024-12-22
CARD012941,ACC012941,C008907,MASTERCARD,**** **** **** 2941,Active,USD,2024-06-23
CARD012960,ACC012960,C008920,VISA,**** **** **** 2960,Active,JOD,2025-01-16
CARD012978,ACC012978,C008934,VISA,**** **** **** 2978,Active,JOD,2025-12-02
CARD013024,ACC013024,C008968,VISA,**** **** **** 3024,Active,JOD,2025-05-28
CARD013039,ACC013039,C008976,MASTERCARD,**** **** **** 3039,Active,JOD,2025-07-13
CARD013049,ACC013049,C008984,MASTERCARD,**** **** **** 3049,Dormant,EUR,2023-12-03
CARD013060,ACC013060,C008991,VISA,**** **** **** 3060,Active,USD,2026-02-22
CARD013064,ACC013064,C008994,VISA,**** **** **** 3064,Active,JOD,2026-06-03
CARD013073,ACC013073,C008998,MASTERCARD,**** **** **** 3073,Active,JOD,2024-03-17
CARD013084,ACC013084,C009005,VISA,**** **** **** 3084,Active,EUR,2025-05-04
CARD013086,ACC013086,C009007,VISA,**** **** **** 3086,Active,USD,2025-01-20
CARD013095,ACC013095,C009012,MASTERCARD,**** **** **** 3095,Active,USD,2024-10-06
CARD013102,ACC013102,C009016,VISA,**** **** **** 3102,Active,EUR,2025-06-12
CARD013106,ACC013106,C009020,VISA,**** **** **** 3106,Active,JOD,2025-04-16
CARD013129,ACC013129,C009037,MASTERCARD,**** **** **** 3129,Dormant,JOD,2025-12-21
CARD013139,ACC013139,C009044,MASTERCARD,**** **** **** 3139,Active,JOD,2024-12-08
CARD013144,ACC013144,C009047,VISA,**** **** **** 3144,Active,JOD,2025-01-19
CARD013147,ACC013147,C009049,MASTERCARD,**** **** **** 3147,Active,JOD,2026-01-25
CARD013182,ACC013182,C009071,VISA,**** **** **** 3182,Active,USD,2025-06-29
CARD013190,ACC013190,C009076,VISA,**** **** **** 3190,Closed,JOD,2026-05-18
CARD013251,ACC013251,C009118,MASTERCARD,**** **** **** 3251,Active,JOD,2026-04-12
CARD013262,ACC013262,C009125,VISA,**** **** **** 3262,Active,JOD,2026-01-12
CARD013277,ACC013277,C009134,MASTERCARD,**** **** **** 3277,Active,USD,2026-05-06
CARD013285,ACC013285,C009141,MASTERCARD,**** **** **** 3285,Active,JOD,2025-11-13
CARD013310,ACC013310,C009159,VISA,**** **** **** 3310,Active,JOD,2026-05-21
CARD013311,ACC013311,C009160,MASTERCARD,**** **** **** 3311,Active,JOD,2026-03-29
CARD013320,ACC013320,C009165,VISA,**** **** **** 3320,Active,JOD,2025-09-28
CARD013324,ACC013324,C009167,VISA,**** **** **** 3324,Active,JOD,2026-01-05
CARD013336,ACC013336,C009176,VISA,**** **** **** 3336,Active,JOD,2025-07-29
CARD013350,ACC013350,C009185,VISA,**** **** **** 3350,Active,JOD,2025-09-17
CARD013353,ACC013353,C009186,MASTERCARD,**** **** **** 3353,Active,EUR,2024-12-01
CARD013366,ACC013366,C009194,VISA,**** **** **** 3366,Active,USD,2023-10-22
CARD013372,ACC013372,C009198,VISA,**** **** **** 3372,Active,USD,2025-07-17
CARD013375,ACC013375,C009201,MASTERCARD,**** **** **** 3375,Active,JOD,2025-12-17
CARD013406,ACC013406,C009224,VISA,**** **** **** 3406,Active,JOD,2024-12-12
CARD013413,ACC013413,C009227,MASTERCARD,**** **** **** 3413,Active,JOD,2026-06-16
CARD013423,ACC013423,C009233,MASTERCARD,**** **** **** 3423,Active,JOD,2026-01-19
CARD013430,ACC013430,C009238,VISA,**** **** **** 3430,Active,JOD,2024-08-18
CARD013440,ACC013440,C009245,VISA,**** **** **** 3440,Active,JOD,2024-01-21
CARD013447,ACC013447,C009249,MASTERCARD,**** **** **** 3447,Active,JOD,2023-08-13
CARD013451,ACC013451,C009251,MASTERCARD,**** **** **** 3451,Active,USD,2026-02-22
CARD013462,ACC013462,C009259,VISA,**** **** **** 3462,Active,USD,2024-09-15
CARD013473,ACC013473,C009267,MASTERCARD,**** **** **** 3473,Active,JOD,2026-06-03
CARD013481,ACC013481,C009273,MASTERCARD,**** **** **** 3481,Active,JOD,2026-06-21
CARD013498,ACC013498,C009285,VISA,**** **** **** 3498,Active,JOD,2024-09-18
CARD013522,ACC013522,C009301,VISA,**** **** **** 3522,Active,JOD,2025-08-03
CARD013536,ACC013536,C009310,VISA,**** **** **** 3536,Active,JOD,2024-09-29
CARD013553,ACC013553,C009320,MASTERCARD,**** **** **** 3553,Active,JOD,2024-08-11
CARD013593,ACC013593,C009346,MASTERCARD,**** **** **** 3593,Active,JOD,2025-09-07
CARD013597,ACC013597,C009348,MASTERCARD,**** **** **** 3597,Active,JOD,2025-06-15
CARD013605,ACC013605,C009353,MASTERCARD,**** **** **** 3605,Active,USD,2026-05-25
CARD013611,ACC013611,C009359,MASTERCARD,**** **** **** 3611,Active,JOD,2025-10-15
CARD013626,ACC013626,C009368,VISA,**** **** **** 3626,Active,USD,2025-01-27
CARD013640,ACC013640,C009378,VISA,**** **** **** 3640,Active,JOD,2024-10-20
CARD013641,ACC013641,C009379,MASTERCARD,**** **** **** 3641,Active,JOD,2024-01-28
CARD013644,ACC013644,C009381,VISA,**** **** **** 3644,Active,USD,2026-04-28
CARD013661,ACC013661,C009394,MASTERCARD,**** **** **** 3661,Active,EUR,2025-09-11
CARD013684,ACC013684,C009409,VISA,**** **** **** 3684,Active,JOD,2024-10-06
CARD013695,ACC013695,C009417,MASTERCARD,**** **** **** 3695,Blocked,JOD,2024-09-15
CARD013711,ACC013711,C009427,MASTERCARD,**** **** **** 3711,Active,JOD,2026-04-16
CARD013714,ACC013714,C009428,VISA,**** **** **** 3714,Dormant,EUR,2026-04-15
CARD013724,ACC013724,C009434,VISA,**** **** **** 3724,Active,JOD,2026-03-09
CARD013735,ACC013735,C009441,MASTERCARD,**** **** **** 3735,Active,USD,2026-02-26
CARD013744,ACC013744,C009447,VISA,**** **** **** 3744,Active,JOD,2026-06-29
CARD013752,ACC013752,C009451,VISA,**** **** **** 3752,Active,JOD,2023-10-24
CARD013761,ACC013761,C009457,MASTERCARD,**** **** **** 3761,Active,JOD,2025-09-11
CARD013763,ACC013763,C009458,MASTERCARD,**** **** **** 3763,Active,JOD,2025-11-26
CARD013781,ACC013781,C009471,MASTERCARD,**** **** **** 3781,Active,JOD,2026-05-05
CARD013826,ACC013826,C009503,VISA,**** **** **** 3826,Closed,JOD,2025-09-09
CARD013836,ACC013836,C009511,VISA,**** **** **** 3836,Active,USD,2026-04-06
CARD013839,ACC013839,C009513,MASTERCARD,**** **** **** 3839,Active,JOD,2025-10-19
CARD013840,ACC013840,C009514,VISA,**** **** **** 3840,Active,USD,2025-02-04
CARD013861,ACC013861,C009528,MASTERCARD,**** **** **** 3861,Dormant,JOD,2023-08-13
CARD013866,ACC013866,C009531,VISA,**** **** **** 3866,Closed,JOD,2024-11-24
CARD013871,ACC013871,C009534,MASTERCARD,**** **** **** 3871,Active,EUR,2024-10-10
CARD013882,ACC013882,C009542,VISA,**** **** **** 3882,Active,JOD,2024-01-22
CARD013887,ACC013887,C009545,MASTERCARD,**** **** **** 3887,Active,USD,2024-07-15
CARD013894,ACC013894,C009550,VISA,**** **** **** 3894,Active,JOD,2026-03-05
CARD013913,ACC013913,C009565,MASTERCARD,**** **** **** 3913,Active,JOD,2025-06-19
CARD013922,ACC013922,C009572,VISA,**** **** **** 3922,Active,JOD,2025-03-20
CARD013930,ACC013930,C009577,VISA,**** **** **** 3930,Active,JOD,2026-06-07
CARD013952,ACC013952,C009589,VISA,**** **** **** 3952,Blocked,JOD,2026-03-02
CARD013956,ACC013956,C009592,VISA,**** **** **** 3956,Active,JOD,2025-06-19
CARD013963,ACC013963,C009601,MASTERCARD,**** **** **** 3963,Active,JOD,2025-08-10
CARD013983,ACC013983,C009612,MASTERCARD,**** **** **** 3983,Active,JOD,2026-02-08
CARD013985,ACC013985,C009613,MASTERCARD,**** **** **** 3985,Active,USD,2026-03-22
CARD013988,ACC013988,C009615,VISA,**** **** **** 3988,Active,JOD,2026-04-30
CARD013992,ACC013992,C009618,VISA,**** **** **** 3992,Active,JOD,2025-03-23
CARD014001,ACC014001,C009625,MASTERCARD,**** **** **** 4001,Active,JOD,2026-05-31
CARD014017,ACC014017,C009635,MASTERCARD,**** **** **** 4017,Dormant,USD,2025-11-06
CARD014024,ACC014024,C009639,VISA,**** **** **** 4024,Active,JOD,2025-07-06
CARD014041,ACC014041,C009651,MASTERCARD,**** **** **** 4041,Active,JOD,2025-03-09
CARD014043,ACC014043,C009654,MASTERCARD,**** **** **** 4043,Active,JOD,2025-03-03
CARD014053,ACC014053,C009663,MASTERCARD,**** **** **** 4053,Active,JOD,2025-12-07
CARD014063,ACC014063,C009669,MASTERCARD,**** **** **** 4063,Active,JOD,2026-01-25
CARD014078,ACC014078,C009681,VISA,**** **** **** 4078,Active,EUR,2025-12-09
CARD014084,ACC014084,C009685,VISA,**** **** **** 4084,Active,JOD,2026-03-11
CARD014088,ACC014088,C009687,VISA,**** **** **** 4088,Active,JOD,2025-06-15
CARD014097,ACC014097,C009696,MASTERCARD,**** **** **** 4097,Dormant,JOD,2026-05-05
CARD014123,ACC014123,C009712,MASTERCARD,**** **** **** 4123,Active,JOD,2024-02-08
CARD014126,ACC014126,C009714,VISA,**** **** **** 4126,Active,JOD,2024-11-24
CARD014143,ACC014143,C009722,MASTERCARD,**** **** **** 4143,Dormant,JOD,2026-05-03
CARD014162,ACC014162,C009738,VISA,**** **** **** 4162,Active,JOD,2024-03-20
CARD014164,ACC014164,C009740,VISA,**** **** **** 4164,Active,JOD,2026-02-23
CARD014181,ACC014181,C009752,MASTERCARD,**** **** **** 4181,Active,JOD,2025-05-26
CARD014188,ACC014188,C009758,VISA,**** **** **** 4188,Active,USD,2026-05-21
CARD014197,ACC014197,C009764,MASTERCARD,**** **** **** 4197,Active,JOD,2025-05-15
CARD014210,ACC014210,C009773,VISA,**** **** **** 4210,Active,JOD,2026-03-25
CARD014221,ACC014221,C009782,MASTERCARD,**** **** **** 4221,Active,JOD,2024-11-24
CARD014229,ACC014229,C009786,MASTERCARD,**** **** **** 4229,Active,JOD,2025-11-09
CARD014235,ACC014235,C009789,MASTERCARD,**** **** **** 4235,Active,JOD,2025-01-12
CARD014263,ACC014263,C009807,MASTERCARD,**** **** **** 4263,Active,USD,2024-10-14
CARD014292,ACC014292,C009823,VISA,**** **** **** 4292,Active,JOD,2025-06-29
CARD014299,ACC014299,C009827,MASTERCARD,**** **** **** 4299,Active,USD,2026-04-09
CARD014305,ACC014305,C009831,MASTERCARD,**** **** **** 4305,Active,JOD,2026-01-18
CARD014312,ACC014312,C009834,VISA,**** **** **** 4312,Active,EUR,2025-09-04
CARD014328,ACC014328,C009847,VISA,**** **** **** 4328,Active,JOD,2026-03-23
CARD014332,ACC014332,C009848,VISA,**** **** **** 4332,Active,JOD,2026-02-01
CARD014342,ACC014342,C009855,VISA,**** **** **** 4342,Active,JOD,2025-10-22
CARD014362,ACC014362,C009869,VISA,**** **** **** 4362,Active,JOD,2024-11-12
CARD014363,ACC014363,C009870,MASTERCARD,**** **** **** 4363,Active,JOD,2026-06-21
CARD014396,ACC014396,C009893,VISA,**** **** **** 4396,Active,JOD,2026-06-28
CARD014401,ACC014401,C009895,MASTERCARD,**** **** **** 4401,Dormant,USD,2024-11-17
CARD014410,ACC014410,C009901,VISA,**** **** **** 4410,Active,JOD,2025-10-09
CARD014411,ACC014411,C009902,MASTERCARD,**** **** **** 4411,Active,JOD,2026-01-01
CARD014413,ACC014413,C009903,MASTERCARD,**** **** **** 4413,Active,EUR,2026-06-11
CARD014415,ACC014415,C009904,MASTERCARD,**** **** **** 4415,Active,USD,2026-01-25
CARD014431,ACC014431,C009914,MASTERCARD,**** **** **** 4431,Dormant,USD,2025-10-20
CARD014453,ACC014453,C009928,MASTERCARD,**** **** **** 4453,Active,JOD,2025-06-25
CARD014455,ACC014455,C009930,MASTERCARD,**** **** **** 4455,Closed,JOD,2024-11-20
CARD014465,ACC014465,C009936,MASTERCARD,**** **** **** 4465,Active,JOD,2024-04-23
CARD014469,ACC014469,C009939,MASTERCARD,**** **** **** 4469,Active,JOD,2025-07-23
CARD014494,ACC014494,C009960,VISA,**** **** **** 4494,Active,USD,2026-05-21
CARD014506,ACC014506,C009968,VISA,**** **** **** 4506,Active,JOD,2024-05-29
CARD014517,ACC014517,C009975,MASTERCARD,**** **** **** 4517,Active,JOD,2026-05-10
CARD014540,ACC014540,C009991,VISA,**** **** **** 4540,Active,JOD,2025-12-04
CARD014542,ACC014542,C009992,VISA,**** **** **** 4542,Active,JOD,2023-12-25
